"";"AgeGrp_min";"AgeGrp_max";"NUTS";"date";"Year";"WeekNo";"male_covid_death";"female_covid_death";"NC_covid_death";"total_covid_death";"country";"type"
"...31";"0";"1";"UK";2020-01-10;2020;1;0;0;0;0;"UK";"AgeGender"
"...32";"1";"4";"UK";2020-01-10;2020;1;0;0;0;0;"UK";"AgeGender"
"...33";"5";"9";"UK";2020-01-10;2020;1;0;0;0;0;"UK";"AgeGender"
"...34";"10";"14";"UK";2020-01-10;2020;1;0;0;0;0;"UK";"AgeGender"
"...35";"15";"19";"UK";2020-01-10;2020;1;0;0;0;0;"UK";"AgeGender"
"...36";"20";"24";"UK";2020-01-10;2020;1;0;0;0;0;"UK";"AgeGender"
"...37";"25";"29";"UK";2020-01-10;2020;1;0;0;0;0;"UK";"AgeGender"
"...38";"30";"34";"UK";2020-01-10;2020;1;0;0;0;0;"UK";"AgeGender"
"...39";"35";"39";"UK";2020-01-10;2020;1;0;0;0;0;"UK";"AgeGender"
"...310";"40";"44";"UK";2020-01-10;2020;1;0;0;0;0;"UK";"AgeGender"
"...311";"45";"49";"UK";2020-01-10;2020;1;0;0;0;0;"UK";"AgeGender"
"...312";"50";"54";"UK";2020-01-10;2020;1;0;0;0;0;"UK";"AgeGender"
"...313";"55";"59";"UK";2020-01-10;2020;1;0;0;0;0;"UK";"AgeGender"
"...314";"60";"64";"UK";2020-01-10;2020;1;0;0;0;0;"UK";"AgeGender"
"...315";"65";"69";"UK";2020-01-10;2020;1;0;0;0;0;"UK";"AgeGender"
"...316";"70";"74";"UK";2020-01-10;2020;1;0;0;0;0;"UK";"AgeGender"
"...317";"75";"79";"UK";2020-01-10;2020;1;0;0;0;0;"UK";"AgeGender"
"...318";"80";"84";"UK";2020-01-10;2020;1;0;0;0;0;"UK";"AgeGender"
"...319";"85";"89";"UK";2020-01-10;2020;1;0;0;0;0;"UK";"AgeGender"
"...320";"90";NA;"UK";2020-01-10;2020;1;0;0;0;0;"UK";"AgeGender"
"...41";"0";"1";"UK";2020-01-17;2020;2;0;0;0;0;"UK";"AgeGender"
"...42";"1";"4";"UK";2020-01-17;2020;2;0;0;0;0;"UK";"AgeGender"
"...43";"5";"9";"UK";2020-01-17;2020;2;0;0;0;0;"UK";"AgeGender"
"...44";"10";"14";"UK";2020-01-17;2020;2;0;0;0;0;"UK";"AgeGender"
"...45";"15";"19";"UK";2020-01-17;2020;2;0;0;0;0;"UK";"AgeGender"
"...46";"20";"24";"UK";2020-01-17;2020;2;0;0;0;0;"UK";"AgeGender"
"...47";"25";"29";"UK";2020-01-17;2020;2;0;0;0;0;"UK";"AgeGender"
"...48";"30";"34";"UK";2020-01-17;2020;2;0;0;0;0;"UK";"AgeGender"
"...49";"35";"39";"UK";2020-01-17;2020;2;0;0;0;0;"UK";"AgeGender"
"...410";"40";"44";"UK";2020-01-17;2020;2;0;0;0;0;"UK";"AgeGender"
"...411";"45";"49";"UK";2020-01-17;2020;2;0;0;0;0;"UK";"AgeGender"
"...412";"50";"54";"UK";2020-01-17;2020;2;0;0;0;0;"UK";"AgeGender"
"...413";"55";"59";"UK";2020-01-17;2020;2;0;0;0;0;"UK";"AgeGender"
"...414";"60";"64";"UK";2020-01-17;2020;2;0;0;0;0;"UK";"AgeGender"
"...415";"65";"69";"UK";2020-01-17;2020;2;0;0;0;0;"UK";"AgeGender"
"...416";"70";"74";"UK";2020-01-17;2020;2;0;0;0;0;"UK";"AgeGender"
"...417";"75";"79";"UK";2020-01-17;2020;2;0;0;0;0;"UK";"AgeGender"
"...418";"80";"84";"UK";2020-01-17;2020;2;0;0;0;0;"UK";"AgeGender"
"...419";"85";"89";"UK";2020-01-17;2020;2;0;0;0;0;"UK";"AgeGender"
"...420";"90";NA;"UK";2020-01-17;2020;2;0;0;0;0;"UK";"AgeGender"
"...51";"0";"1";"UK";2020-01-24;2020;3;0;0;0;0;"UK";"AgeGender"
"...52";"1";"4";"UK";2020-01-24;2020;3;0;0;0;0;"UK";"AgeGender"
"...53";"5";"9";"UK";2020-01-24;2020;3;0;0;0;0;"UK";"AgeGender"
"...54";"10";"14";"UK";2020-01-24;2020;3;0;0;0;0;"UK";"AgeGender"
"...55";"15";"19";"UK";2020-01-24;2020;3;0;0;0;0;"UK";"AgeGender"
"...56";"20";"24";"UK";2020-01-24;2020;3;0;0;0;0;"UK";"AgeGender"
"...57";"25";"29";"UK";2020-01-24;2020;3;0;0;0;0;"UK";"AgeGender"
"...58";"30";"34";"UK";2020-01-24;2020;3;0;0;0;0;"UK";"AgeGender"
"...59";"35";"39";"UK";2020-01-24;2020;3;0;0;0;0;"UK";"AgeGender"
"...510";"40";"44";"UK";2020-01-24;2020;3;0;0;0;0;"UK";"AgeGender"
"...511";"45";"49";"UK";2020-01-24;2020;3;0;0;0;0;"UK";"AgeGender"
"...512";"50";"54";"UK";2020-01-24;2020;3;0;0;0;0;"UK";"AgeGender"
"...513";"55";"59";"UK";2020-01-24;2020;3;0;0;0;0;"UK";"AgeGender"
"...514";"60";"64";"UK";2020-01-24;2020;3;0;0;0;0;"UK";"AgeGender"
"...515";"65";"69";"UK";2020-01-24;2020;3;0;0;0;0;"UK";"AgeGender"
"...516";"70";"74";"UK";2020-01-24;2020;3;0;0;0;0;"UK";"AgeGender"
"...517";"75";"79";"UK";2020-01-24;2020;3;0;0;0;0;"UK";"AgeGender"
"...518";"80";"84";"UK";2020-01-24;2020;3;0;0;0;0;"UK";"AgeGender"
"...519";"85";"89";"UK";2020-01-24;2020;3;0;0;0;0;"UK";"AgeGender"
"...520";"90";NA;"UK";2020-01-24;2020;3;0;0;0;0;"UK";"AgeGender"
"...61";"0";"1";"UK";2020-01-31;2020;4;0;0;0;0;"UK";"AgeGender"
"...62";"1";"4";"UK";2020-01-31;2020;4;0;0;0;0;"UK";"AgeGender"
"...63";"5";"9";"UK";2020-01-31;2020;4;0;0;0;0;"UK";"AgeGender"
"...64";"10";"14";"UK";2020-01-31;2020;4;0;0;0;0;"UK";"AgeGender"
"...65";"15";"19";"UK";2020-01-31;2020;4;0;0;0;0;"UK";"AgeGender"
"...66";"20";"24";"UK";2020-01-31;2020;4;0;0;0;0;"UK";"AgeGender"
"...67";"25";"29";"UK";2020-01-31;2020;4;0;0;0;0;"UK";"AgeGender"
"...68";"30";"34";"UK";2020-01-31;2020;4;0;0;0;0;"UK";"AgeGender"
"...69";"35";"39";"UK";2020-01-31;2020;4;0;0;0;0;"UK";"AgeGender"
"...610";"40";"44";"UK";2020-01-31;2020;4;0;0;0;0;"UK";"AgeGender"
"...611";"45";"49";"UK";2020-01-31;2020;4;0;0;0;0;"UK";"AgeGender"
"...612";"50";"54";"UK";2020-01-31;2020;4;0;0;0;0;"UK";"AgeGender"
"...613";"55";"59";"UK";2020-01-31;2020;4;0;0;0;0;"UK";"AgeGender"
"...614";"60";"64";"UK";2020-01-31;2020;4;0;0;0;0;"UK";"AgeGender"
"...615";"65";"69";"UK";2020-01-31;2020;4;0;0;0;0;"UK";"AgeGender"
"...616";"70";"74";"UK";2020-01-31;2020;4;0;0;0;0;"UK";"AgeGender"
"...617";"75";"79";"UK";2020-01-31;2020;4;0;0;0;0;"UK";"AgeGender"
"...618";"80";"84";"UK";2020-01-31;2020;4;0;0;0;0;"UK";"AgeGender"
"...619";"85";"89";"UK";2020-01-31;2020;4;0;0;0;0;"UK";"AgeGender"
"...620";"90";NA;"UK";2020-01-31;2020;4;0;0;0;0;"UK";"AgeGender"
"...71";"0";"1";"UK";2020-02-07;2020;5;0;0;0;0;"UK";"AgeGender"
"...72";"1";"4";"UK";2020-02-07;2020;5;0;0;0;0;"UK";"AgeGender"
"...73";"5";"9";"UK";2020-02-07;2020;5;0;0;0;0;"UK";"AgeGender"
"...74";"10";"14";"UK";2020-02-07;2020;5;0;0;0;0;"UK";"AgeGender"
"...75";"15";"19";"UK";2020-02-07;2020;5;0;0;0;0;"UK";"AgeGender"
"...76";"20";"24";"UK";2020-02-07;2020;5;0;0;0;0;"UK";"AgeGender"
"...77";"25";"29";"UK";2020-02-07;2020;5;0;0;0;0;"UK";"AgeGender"
"...78";"30";"34";"UK";2020-02-07;2020;5;0;0;0;0;"UK";"AgeGender"
"...79";"35";"39";"UK";2020-02-07;2020;5;0;0;0;0;"UK";"AgeGender"
"...710";"40";"44";"UK";2020-02-07;2020;5;0;0;0;0;"UK";"AgeGender"
"...711";"45";"49";"UK";2020-02-07;2020;5;0;0;0;0;"UK";"AgeGender"
"...712";"50";"54";"UK";2020-02-07;2020;5;0;0;0;0;"UK";"AgeGender"
"...713";"55";"59";"UK";2020-02-07;2020;5;0;0;0;0;"UK";"AgeGender"
"...714";"60";"64";"UK";2020-02-07;2020;5;0;0;0;0;"UK";"AgeGender"
"...715";"65";"69";"UK";2020-02-07;2020;5;0;0;0;0;"UK";"AgeGender"
"...716";"70";"74";"UK";2020-02-07;2020;5;0;0;0;0;"UK";"AgeGender"
"...717";"75";"79";"UK";2020-02-07;2020;5;0;0;0;0;"UK";"AgeGender"
"...718";"80";"84";"UK";2020-02-07;2020;5;1;0;0;1;"UK";"AgeGender"
"...719";"85";"89";"UK";2020-02-07;2020;5;0;0;0;0;"UK";"AgeGender"
"...720";"90";NA;"UK";2020-02-07;2020;5;0;0;0;0;"UK";"AgeGender"
"...81";"0";"1";"UK";2020-02-14;2020;6;0;0;0;0;"UK";"AgeGender"
"...82";"1";"4";"UK";2020-02-14;2020;6;0;0;0;0;"UK";"AgeGender"
"...83";"5";"9";"UK";2020-02-14;2020;6;0;0;0;0;"UK";"AgeGender"
"...84";"10";"14";"UK";2020-02-14;2020;6;0;0;0;0;"UK";"AgeGender"
"...85";"15";"19";"UK";2020-02-14;2020;6;0;0;0;0;"UK";"AgeGender"
"...86";"20";"24";"UK";2020-02-14;2020;6;0;0;0;0;"UK";"AgeGender"
"...87";"25";"29";"UK";2020-02-14;2020;6;0;0;0;0;"UK";"AgeGender"
"...88";"30";"34";"UK";2020-02-14;2020;6;0;0;0;0;"UK";"AgeGender"
"...89";"35";"39";"UK";2020-02-14;2020;6;0;0;0;0;"UK";"AgeGender"
"...810";"40";"44";"UK";2020-02-14;2020;6;0;0;0;0;"UK";"AgeGender"
"...811";"45";"49";"UK";2020-02-14;2020;6;0;0;0;0;"UK";"AgeGender"
"...812";"50";"54";"UK";2020-02-14;2020;6;0;0;0;0;"UK";"AgeGender"
"...813";"55";"59";"UK";2020-02-14;2020;6;1;0;0;1;"UK";"AgeGender"
"...814";"60";"64";"UK";2020-02-14;2020;6;0;0;0;0;"UK";"AgeGender"
"...815";"65";"69";"UK";2020-02-14;2020;6;0;0;0;0;"UK";"AgeGender"
"...816";"70";"74";"UK";2020-02-14;2020;6;0;0;0;0;"UK";"AgeGender"
"...817";"75";"79";"UK";2020-02-14;2020;6;0;0;0;0;"UK";"AgeGender"
"...818";"80";"84";"UK";2020-02-14;2020;6;0;0;0;0;"UK";"AgeGender"
"...819";"85";"89";"UK";2020-02-14;2020;6;0;0;0;0;"UK";"AgeGender"
"...820";"90";NA;"UK";2020-02-14;2020;6;0;0;0;0;"UK";"AgeGender"
"...91";"0";"1";"UK";2020-02-21;2020;7;0;0;0;0;"UK";"AgeGender"
"...92";"1";"4";"UK";2020-02-21;2020;7;0;0;0;0;"UK";"AgeGender"
"...93";"5";"9";"UK";2020-02-21;2020;7;0;0;0;0;"UK";"AgeGender"
"...94";"10";"14";"UK";2020-02-21;2020;7;0;0;0;0;"UK";"AgeGender"
"...95";"15";"19";"UK";2020-02-21;2020;7;0;0;0;0;"UK";"AgeGender"
"...96";"20";"24";"UK";2020-02-21;2020;7;0;0;0;0;"UK";"AgeGender"
"...97";"25";"29";"UK";2020-02-21;2020;7;0;0;0;0;"UK";"AgeGender"
"...98";"30";"34";"UK";2020-02-21;2020;7;0;0;0;0;"UK";"AgeGender"
"...99";"35";"39";"UK";2020-02-21;2020;7;0;0;0;0;"UK";"AgeGender"
"...910";"40";"44";"UK";2020-02-21;2020;7;0;0;0;0;"UK";"AgeGender"
"...911";"45";"49";"UK";2020-02-21;2020;7;0;0;0;0;"UK";"AgeGender"
"...912";"50";"54";"UK";2020-02-21;2020;7;0;0;0;0;"UK";"AgeGender"
"...913";"55";"59";"UK";2020-02-21;2020;7;0;0;0;0;"UK";"AgeGender"
"...914";"60";"64";"UK";2020-02-21;2020;7;0;0;0;0;"UK";"AgeGender"
"...915";"65";"69";"UK";2020-02-21;2020;7;0;0;0;0;"UK";"AgeGender"
"...916";"70";"74";"UK";2020-02-21;2020;7;0;0;0;0;"UK";"AgeGender"
"...917";"75";"79";"UK";2020-02-21;2020;7;0;0;0;0;"UK";"AgeGender"
"...918";"80";"84";"UK";2020-02-21;2020;7;0;0;0;0;"UK";"AgeGender"
"...919";"85";"89";"UK";2020-02-21;2020;7;0;0;0;0;"UK";"AgeGender"
"...920";"90";NA;"UK";2020-02-21;2020;7;0;0;0;0;"UK";"AgeGender"
"...101";"0";"1";"UK";2020-02-28;2020;8;0;0;0;0;"UK";"AgeGender"
"...102";"1";"4";"UK";2020-02-28;2020;8;0;0;0;0;"UK";"AgeGender"
"...103";"5";"9";"UK";2020-02-28;2020;8;0;0;0;0;"UK";"AgeGender"
"...104";"10";"14";"UK";2020-02-28;2020;8;0;0;0;0;"UK";"AgeGender"
"...105";"15";"19";"UK";2020-02-28;2020;8;0;0;0;0;"UK";"AgeGender"
"...106";"20";"24";"UK";2020-02-28;2020;8;0;0;0;0;"UK";"AgeGender"
"...107";"25";"29";"UK";2020-02-28;2020;8;0;0;0;0;"UK";"AgeGender"
"...108";"30";"34";"UK";2020-02-28;2020;8;0;0;0;0;"UK";"AgeGender"
"...109";"35";"39";"UK";2020-02-28;2020;8;0;0;0;0;"UK";"AgeGender"
"...1010";"40";"44";"UK";2020-02-28;2020;8;0;0;0;0;"UK";"AgeGender"
"...1011";"45";"49";"UK";2020-02-28;2020;8;0;0;0;0;"UK";"AgeGender"
"...1012";"50";"54";"UK";2020-02-28;2020;8;0;0;0;0;"UK";"AgeGender"
"...1013";"55";"59";"UK";2020-02-28;2020;8;0;0;0;0;"UK";"AgeGender"
"...1014";"60";"64";"UK";2020-02-28;2020;8;0;0;0;0;"UK";"AgeGender"
"...1015";"65";"69";"UK";2020-02-28;2020;8;0;0;0;0;"UK";"AgeGender"
"...1016";"70";"74";"UK";2020-02-28;2020;8;0;0;0;0;"UK";"AgeGender"
"...1017";"75";"79";"UK";2020-02-28;2020;8;0;0;0;0;"UK";"AgeGender"
"...1018";"80";"84";"UK";2020-02-28;2020;8;0;0;0;0;"UK";"AgeGender"
"...1019";"85";"89";"UK";2020-02-28;2020;8;0;0;0;0;"UK";"AgeGender"
"...1020";"90";NA;"UK";2020-02-28;2020;8;0;0;0;0;"UK";"AgeGender"
"...111";"0";"1";"UK";2020-03-06;2020;9;0;0;0;0;"UK";"AgeGender"
"...112";"1";"4";"UK";2020-03-06;2020;9;0;0;0;0;"UK";"AgeGender"
"...113";"5";"9";"UK";2020-03-06;2020;9;0;0;0;0;"UK";"AgeGender"
"...114";"10";"14";"UK";2020-03-06;2020;9;0;0;0;0;"UK";"AgeGender"
"...115";"15";"19";"UK";2020-03-06;2020;9;0;0;0;0;"UK";"AgeGender"
"...116";"20";"24";"UK";2020-03-06;2020;9;0;0;0;0;"UK";"AgeGender"
"...117";"25";"29";"UK";2020-03-06;2020;9;0;0;0;0;"UK";"AgeGender"
"...118";"30";"34";"UK";2020-03-06;2020;9;0;1;0;1;"UK";"AgeGender"
"...119";"35";"39";"UK";2020-03-06;2020;9;0;0;0;0;"UK";"AgeGender"
"...1110";"40";"44";"UK";2020-03-06;2020;9;0;0;0;0;"UK";"AgeGender"
"...1111";"45";"49";"UK";2020-03-06;2020;9;0;0;0;0;"UK";"AgeGender"
"...1112";"50";"54";"UK";2020-03-06;2020;9;0;0;0;0;"UK";"AgeGender"
"...1113";"55";"59";"UK";2020-03-06;2020;9;0;0;0;0;"UK";"AgeGender"
"...1114";"60";"64";"UK";2020-03-06;2020;9;0;0;0;0;"UK";"AgeGender"
"...1115";"65";"69";"UK";2020-03-06;2020;9;0;0;0;0;"UK";"AgeGender"
"...1116";"70";"74";"UK";2020-03-06;2020;9;0;0;0;0;"UK";"AgeGender"
"...1117";"75";"79";"UK";2020-03-06;2020;9;0;0;0;0;"UK";"AgeGender"
"...1118";"80";"84";"UK";2020-03-06;2020;9;0;0;0;0;"UK";"AgeGender"
"...1119";"85";"89";"UK";2020-03-06;2020;9;0;0;0;0;"UK";"AgeGender"
"...1120";"90";NA;"UK";2020-03-06;2020;9;0;0;0;0;"UK";"AgeGender"
"...121";"0";"1";"UK";2020-03-13;2020;10;0;0;0;0;"UK";"AgeGender"
"...122";"1";"4";"UK";2020-03-13;2020;10;0;0;0;0;"UK";"AgeGender"
"...123";"5";"9";"UK";2020-03-13;2020;10;0;0;0;0;"UK";"AgeGender"
"...124";"10";"14";"UK";2020-03-13;2020;10;0;0;0;0;"UK";"AgeGender"
"...125";"15";"19";"UK";2020-03-13;2020;10;0;0;0;0;"UK";"AgeGender"
"...126";"20";"24";"UK";2020-03-13;2020;10;0;0;0;0;"UK";"AgeGender"
"...127";"25";"29";"UK";2020-03-13;2020;10;0;0;0;0;"UK";"AgeGender"
"...128";"30";"34";"UK";2020-03-13;2020;10;0;0;0;0;"UK";"AgeGender"
"...129";"35";"39";"UK";2020-03-13;2020;10;0;0;0;0;"UK";"AgeGender"
"...1210";"40";"44";"UK";2020-03-13;2020;10;0;0;0;0;"UK";"AgeGender"
"...1211";"45";"49";"UK";2020-03-13;2020;10;0;0;0;0;"UK";"AgeGender"
"...1212";"50";"54";"UK";2020-03-13;2020;10;0;0;0;0;"UK";"AgeGender"
"...1213";"55";"59";"UK";2020-03-13;2020;10;0;0;0;0;"UK";"AgeGender"
"...1214";"60";"64";"UK";2020-03-13;2020;10;0;0;0;0;"UK";"AgeGender"
"...1215";"65";"69";"UK";2020-03-13;2020;10;0;0;0;0;"UK";"AgeGender"
"...1216";"70";"74";"UK";2020-03-13;2020;10;1;0;0;1;"UK";"AgeGender"
"...1217";"75";"79";"UK";2020-03-13;2020;10;1;2;0;3;"UK";"AgeGender"
"...1218";"80";"84";"UK";2020-03-13;2020;10;1;0;0;1;"UK";"AgeGender"
"...1219";"85";"89";"UK";2020-03-13;2020;10;0;0;0;0;"UK";"AgeGender"
"...1220";"90";NA;"UK";2020-03-13;2020;10;0;1;0;1;"UK";"AgeGender"
"...131";"0";"1";"UK";2020-03-20;2020;11;0;0;0;0;"UK";"AgeGender"
"...132";"1";"4";"UK";2020-03-20;2020;11;0;0;0;0;"UK";"AgeGender"
"...133";"5";"9";"UK";2020-03-20;2020;11;0;0;0;0;"UK";"AgeGender"
"...134";"10";"14";"UK";2020-03-20;2020;11;0;0;0;0;"UK";"AgeGender"
"...135";"15";"19";"UK";2020-03-20;2020;11;0;0;0;0;"UK";"AgeGender"
"...136";"20";"24";"UK";2020-03-20;2020;11;0;0;0;0;"UK";"AgeGender"
"...137";"25";"29";"UK";2020-03-20;2020;11;0;0;0;0;"UK";"AgeGender"
"...138";"30";"34";"UK";2020-03-20;2020;11;0;0;0;0;"UK";"AgeGender"
"...139";"35";"39";"UK";2020-03-20;2020;11;1;0;0;1;"UK";"AgeGender"
"...1310";"40";"44";"UK";2020-03-20;2020;11;0;1;0;1;"UK";"AgeGender"
"...1311";"45";"49";"UK";2020-03-20;2020;11;0;0;0;0;"UK";"AgeGender"
"...1312";"50";"54";"UK";2020-03-20;2020;11;0;0;0;0;"UK";"AgeGender"
"...1313";"55";"59";"UK";2020-03-20;2020;11;1;0;0;1;"UK";"AgeGender"
"...1314";"60";"64";"UK";2020-03-20;2020;11;2;3;0;5;"UK";"AgeGender"
"...1315";"65";"69";"UK";2020-03-20;2020;11;4;1;0;5;"UK";"AgeGender"
"...1316";"70";"74";"UK";2020-03-20;2020;11;4;2;0;6;"UK";"AgeGender"
"...1317";"75";"79";"UK";2020-03-20;2020;11;1;1;0;2;"UK";"AgeGender"
"...1318";"80";"84";"UK";2020-03-20;2020;11;7;1;0;8;"UK";"AgeGender"
"...1319";"85";"89";"UK";2020-03-20;2020;11;7;1;0;8;"UK";"AgeGender"
"...1320";"90";NA;"UK";2020-03-20;2020;11;5;2;0;7;"UK";"AgeGender"
"...141";"0";"1";"UK";2020-03-27;2020;12;0;0;0;0;"UK";"AgeGender"
"...142";"1";"4";"UK";2020-03-27;2020;12;0;0;0;0;"UK";"AgeGender"
"...143";"5";"9";"UK";2020-03-27;2020;12;0;0;0;0;"UK";"AgeGender"
"...144";"10";"14";"UK";2020-03-27;2020;12;0;0;0;0;"UK";"AgeGender"
"...145";"15";"19";"UK";2020-03-27;2020;12;0;0;0;0;"UK";"AgeGender"
"...146";"20";"24";"UK";2020-03-27;2020;12;0;1;0;1;"UK";"AgeGender"
"...147";"25";"29";"UK";2020-03-27;2020;12;2;1;0;3;"UK";"AgeGender"
"...148";"30";"34";"UK";2020-03-27;2020;12;0;1;0;1;"UK";"AgeGender"
"...149";"35";"39";"UK";2020-03-27;2020;12;0;0;0;0;"UK";"AgeGender"
"...1410";"40";"44";"UK";2020-03-27;2020;12;1;2;0;3;"UK";"AgeGender"
"...1411";"45";"49";"UK";2020-03-27;2020;12;2;5;0;7;"UK";"AgeGender"
"...1412";"50";"54";"UK";2020-03-27;2020;12;9;8;0;17;"UK";"AgeGender"
"...1413";"55";"59";"UK";2020-03-27;2020;12;9;5;0;14;"UK";"AgeGender"
"...1414";"60";"64";"UK";2020-03-27;2020;12;13;9;0;22;"UK";"AgeGender"
"...1415";"65";"69";"UK";2020-03-27;2020;12;17;11;0;28;"UK";"AgeGender"
"...1416";"70";"74";"UK";2020-03-27;2020;12;26;14;0;40;"UK";"AgeGender"
"...1417";"75";"79";"UK";2020-03-27;2020;12;30;16;0;46;"UK";"AgeGender"
"...1418";"80";"84";"UK";2020-03-27;2020;12;41;33;0;74;"UK";"AgeGender"
"...1419";"85";"89";"UK";2020-03-27;2020;12;45;39;0;84;"UK";"AgeGender"
"...1420";"90";NA;"UK";2020-03-27;2020;12;32;36;0;68;"UK";"AgeGender"
"...151";"0";"1";"UK";2020-04-03;2020;13;0;0;0;0;"UK";"AgeGender"
"...152";"1";"4";"UK";2020-04-03;2020;13;0;0;0;0;"UK";"AgeGender"
"...153";"5";"9";"UK";2020-04-03;2020;13;0;0;0;0;"UK";"AgeGender"
"...154";"10";"14";"UK";2020-04-03;2020;13;0;0;0;0;"UK";"AgeGender"
"...155";"15";"19";"UK";2020-04-03;2020;13;1;1;0;2;"UK";"AgeGender"
"...156";"20";"24";"UK";2020-04-03;2020;13;0;1;0;1;"UK";"AgeGender"
"...157";"25";"29";"UK";2020-04-03;2020;13;1;2;0;3;"UK";"AgeGender"
"...158";"30";"34";"UK";2020-04-03;2020;13;9;3;0;12;"UK";"AgeGender"
"...159";"35";"39";"UK";2020-04-03;2020;13;5;4;0;9;"UK";"AgeGender"
"...1510";"40";"44";"UK";2020-04-03;2020;13;9;3;0;12;"UK";"AgeGender"
"...1511";"45";"49";"UK";2020-04-03;2020;13;13;14;0;27;"UK";"AgeGender"
"...1512";"50";"54";"UK";2020-04-03;2020;13;29;14;0;43;"UK";"AgeGender"
"...1513";"55";"59";"UK";2020-04-03;2020;13;51;27;0;78;"UK";"AgeGender"
"...1514";"60";"64";"UK";2020-04-03;2020;13;63;30;0;93;"UK";"AgeGender"
"...1515";"65";"69";"UK";2020-04-03;2020;13;87;45;0;132;"UK";"AgeGender"
"...1516";"70";"74";"UK";2020-04-03;2020;13;142;75;0;217;"UK";"AgeGender"
"...1517";"75";"79";"UK";2020-04-03;2020;13;196;97;0;293;"UK";"AgeGender"
"...1518";"80";"84";"UK";2020-04-03;2020;13;232;124;0;356;"UK";"AgeGender"
"...1519";"85";"89";"UK";2020-04-03;2020;13;186;149;0;335;"UK";"AgeGender"
"...1520";"90";NA;"UK";2020-04-03;2020;13;146;127;0;273;"UK";"AgeGender"
"...161";"0";"1";"UK";2020-04-10;2020;14;0;0;0;0;"UK";"AgeGender"
"...162";"1";"4";"UK";2020-04-10;2020;14;0;0;0;0;"UK";"AgeGender"
"...163";"5";"9";"UK";2020-04-10;2020;14;0;1;0;1;"UK";"AgeGender"
"...164";"10";"14";"UK";2020-04-10;2020;14;0;0;0;0;"UK";"AgeGender"
"...165";"15";"19";"UK";2020-04-10;2020;14;1;2;0;3;"UK";"AgeGender"
"...166";"20";"24";"UK";2020-04-10;2020;14;3;2;0;5;"UK";"AgeGender"
"...167";"25";"29";"UK";2020-04-10;2020;14;4;3;0;7;"UK";"AgeGender"
"...168";"30";"34";"UK";2020-04-10;2020;14;8;6;0;14;"UK";"AgeGender"
"...169";"35";"39";"UK";2020-04-10;2020;14;11;5;0;16;"UK";"AgeGender"
"...1610";"40";"44";"UK";2020-04-10;2020;14;17;12;0;29;"UK";"AgeGender"
"...1611";"45";"49";"UK";2020-04-10;2020;14;44;31;0;75;"UK";"AgeGender"
"...1612";"50";"54";"UK";2020-04-10;2020;14;65;32;0;97;"UK";"AgeGender"
"...1613";"55";"59";"UK";2020-04-10;2020;14;127;78;0;205;"UK";"AgeGender"
"...1614";"60";"64";"UK";2020-04-10;2020;14;193;88;0;281;"UK";"AgeGender"
"...1615";"65";"69";"UK";2020-04-10;2020;14;258;116;0;374;"UK";"AgeGender"
"...1616";"70";"74";"UK";2020-04-10;2020;14;412;189;0;601;"UK";"AgeGender"
"...1617";"75";"79";"UK";2020-04-10;2020;14;530;284;0;814;"UK";"AgeGender"
"...1618";"80";"84";"UK";2020-04-10;2020;14;647;370;0;1017;"UK";"AgeGender"
"...1619";"85";"89";"UK";2020-04-10;2020;14;524;343;0;867;"UK";"AgeGender"
"...1620";"90";NA;"UK";2020-04-10;2020;14;392;401;0;793;"UK";"AgeGender"
"...171";"0";"1";"UK";2020-04-17;2020;15;0;0;0;0;"UK";"AgeGender"
"...172";"1";"4";"UK";2020-04-17;2020;15;0;0;0;0;"UK";"AgeGender"
"...173";"5";"9";"UK";2020-04-17;2020;15;0;0;0;0;"UK";"AgeGender"
"...174";"10";"14";"UK";2020-04-17;2020;15;0;1;0;1;"UK";"AgeGender"
"...175";"15";"19";"UK";2020-04-17;2020;15;1;0;0;1;"UK";"AgeGender"
"...176";"20";"24";"UK";2020-04-17;2020;15;2;0;0;2;"UK";"AgeGender"
"...177";"25";"29";"UK";2020-04-17;2020;15;9;6;0;15;"UK";"AgeGender"
"...178";"30";"34";"UK";2020-04-17;2020;15;5;6;0;11;"UK";"AgeGender"
"...179";"35";"39";"UK";2020-04-17;2020;15;19;10;0;29;"UK";"AgeGender"
"...1710";"40";"44";"UK";2020-04-17;2020;15;34;20;0;54;"UK";"AgeGender"
"...1711";"45";"49";"UK";2020-04-17;2020;15;61;31;0;92;"UK";"AgeGender"
"...1712";"50";"54";"UK";2020-04-17;2020;15;104;69;0;173;"UK";"AgeGender"
"...1713";"55";"59";"UK";2020-04-17;2020;15;189;84;0;273;"UK";"AgeGender"
"...1714";"60";"64";"UK";2020-04-17;2020;15;295;146;0;441;"UK";"AgeGender"
"...1715";"65";"69";"UK";2020-04-17;2020;15;361;183;0;544;"UK";"AgeGender"
"...1716";"70";"74";"UK";2020-04-17;2020;15;570;296;0;866;"UK";"AgeGender"
"...1717";"75";"79";"UK";2020-04-17;2020;15;793;436;0;1229;"UK";"AgeGender"
"...1718";"80";"84";"UK";2020-04-17;2020;15;971;608;0;1579;"UK";"AgeGender"
"...1719";"85";"89";"UK";2020-04-17;2020;15;903;633;0;1536;"UK";"AgeGender"
"...1720";"90";NA;"UK";2020-04-17;2020;15;644;786;0;1430;"UK";"AgeGender"
"...181";"0";"1";"UK";2020-04-24;2020;16;0;0;0;0;"UK";"AgeGender"
"...182";"1";"4";"UK";2020-04-24;2020;16;0;0;0;0;"UK";"AgeGender"
"...183";"5";"9";"UK";2020-04-24;2020;16;0;0;0;0;"UK";"AgeGender"
"...184";"10";"14";"UK";2020-04-24;2020;16;0;0;0;0;"UK";"AgeGender"
"...185";"15";"19";"UK";2020-04-24;2020;16;2;0;0;2;"UK";"AgeGender"
"...186";"20";"24";"UK";2020-04-24;2020;16;1;2;0;3;"UK";"AgeGender"
"...187";"25";"29";"UK";2020-04-24;2020;16;4;3;0;7;"UK";"AgeGender"
"...188";"30";"34";"UK";2020-04-24;2020;16;8;2;0;10;"UK";"AgeGender"
"...189";"35";"39";"UK";2020-04-24;2020;16;13;13;0;26;"UK";"AgeGender"
"...1810";"40";"44";"UK";2020-04-24;2020;16;31;15;0;46;"UK";"AgeGender"
"...1811";"45";"49";"UK";2020-04-24;2020;16;48;25;0;73;"UK";"AgeGender"
"...1812";"50";"54";"UK";2020-04-24;2020;16;93;67;0;160;"UK";"AgeGender"
"...1813";"55";"59";"UK";2020-04-24;2020;16;171;78;0;249;"UK";"AgeGender"
"...1814";"60";"64";"UK";2020-04-24;2020;16;245;125;0;370;"UK";"AgeGender"
"...1815";"65";"69";"UK";2020-04-24;2020;16;330;165;0;495;"UK";"AgeGender"
"...1816";"70";"74";"UK";2020-04-24;2020;16;521;269;0;790;"UK";"AgeGender"
"...1817";"75";"79";"UK";2020-04-24;2020;16;690;405;0;1095;"UK";"AgeGender"
"...1818";"80";"84";"UK";2020-04-24;2020;16;918;654;0;1572;"UK";"AgeGender"
"...1819";"85";"89";"UK";2020-04-24;2020;16;903;832;0;1735;"UK";"AgeGender"
"...1820";"90";NA;"UK";2020-04-24;2020;16;722;993;0;1715;"UK";"AgeGender"
"...191";"0";"1";"UK";2020-05-01;2020;17;0;0;0;0;"UK";"AgeGender"
"...192";"1";"4";"UK";2020-05-01;2020;17;0;0;0;0;"UK";"AgeGender"
"...193";"5";"9";"UK";2020-05-01;2020;17;0;0;0;0;"UK";"AgeGender"
"...194";"10";"14";"UK";2020-05-01;2020;17;0;0;0;0;"UK";"AgeGender"
"...195";"15";"19";"UK";2020-05-01;2020;17;0;0;0;0;"UK";"AgeGender"
"...196";"20";"24";"UK";2020-05-01;2020;17;3;1;0;4;"UK";"AgeGender"
"...197";"25";"29";"UK";2020-05-01;2020;17;5;3;0;8;"UK";"AgeGender"
"...198";"30";"34";"UK";2020-05-01;2020;17;7;6;0;13;"UK";"AgeGender"
"...199";"35";"39";"UK";2020-05-01;2020;17;7;10;0;17;"UK";"AgeGender"
"...1910";"40";"44";"UK";2020-05-01;2020;17;25;10;0;35;"UK";"AgeGender"
"...1911";"45";"49";"UK";2020-05-01;2020;17;37;18;0;55;"UK";"AgeGender"
"...1912";"50";"54";"UK";2020-05-01;2020;17;82;35;0;117;"UK";"AgeGender"
"...1913";"55";"59";"UK";2020-05-01;2020;17;152;70;0;222;"UK";"AgeGender"
"...1914";"60";"64";"UK";2020-05-01;2020;17;179;84;0;263;"UK";"AgeGender"
"...1915";"65";"69";"UK";2020-05-01;2020;17;236;112;0;348;"UK";"AgeGender"
"...1916";"70";"74";"UK";2020-05-01;2020;17;371;211;0;582;"UK";"AgeGender"
"...1917";"75";"79";"UK";2020-05-01;2020;17;510;339;0;849;"UK";"AgeGender"
"...1918";"80";"84";"UK";2020-05-01;2020;17;710;624;0;1334;"UK";"AgeGender"
"...1919";"85";"89";"UK";2020-05-01;2020;17;780;693;0;1473;"UK";"AgeGender"
"...1920";"90";NA;"UK";2020-05-01;2020;17;654;990;0;1644;"UK";"AgeGender"
"...201";"0";"1";"UK";2020-05-08;2020;18;0;0;0;0;"UK";"AgeGender"
"...202";"1";"4";"UK";2020-05-08;2020;18;0;0;0;0;"UK";"AgeGender"
"...203";"5";"9";"UK";2020-05-08;2020;18;0;0;0;0;"UK";"AgeGender"
"...204";"10";"14";"UK";2020-05-08;2020;18;0;0;0;0;"UK";"AgeGender"
"...205";"15";"19";"UK";2020-05-08;2020;18;0;0;0;0;"UK";"AgeGender"
"...206";"20";"24";"UK";2020-05-08;2020;18;3;1;0;4;"UK";"AgeGender"
"...207";"25";"29";"UK";2020-05-08;2020;18;2;0;0;2;"UK";"AgeGender"
"...208";"30";"34";"UK";2020-05-08;2020;18;6;3;0;9;"UK";"AgeGender"
"...209";"35";"39";"UK";2020-05-08;2020;18;5;5;0;10;"UK";"AgeGender"
"...2010";"40";"44";"UK";2020-05-08;2020;18;10;4;0;14;"UK";"AgeGender"
"...2011";"45";"49";"UK";2020-05-08;2020;18;23;19;0;42;"UK";"AgeGender"
"...2012";"50";"54";"UK";2020-05-08;2020;18;46;31;0;77;"UK";"AgeGender"
"...2013";"55";"59";"UK";2020-05-08;2020;18;86;33;0;119;"UK";"AgeGender"
"...2014";"60";"64";"UK";2020-05-08;2020;18;103;60;0;163;"UK";"AgeGender"
"...2015";"65";"69";"UK";2020-05-08;2020;18;178;93;0;271;"UK";"AgeGender"
"...2016";"70";"74";"UK";2020-05-08;2020;18;254;144;0;398;"UK";"AgeGender"
"...2017";"75";"79";"UK";2020-05-08;2020;18;393;282;0;675;"UK";"AgeGender"
"...2018";"80";"84";"UK";2020-05-08;2020;18;548;443;0;991;"UK";"AgeGender"
"...2019";"85";"89";"UK";2020-05-08;2020;18;541;579;0;1120;"UK";"AgeGender"
"...2020";"90";NA;"UK";2020-05-08;2020;18;516;826;0;1342;"UK";"AgeGender"
"...211";"0";"1";"UK";2020-05-15;2020;19;1;0;0;1;"UK";"AgeGender"
"...212";"1";"4";"UK";2020-05-15;2020;19;0;0;0;0;"UK";"AgeGender"
"...213";"5";"9";"UK";2020-05-15;2020;19;0;0;0;0;"UK";"AgeGender"
"...214";"10";"14";"UK";2020-05-15;2020;19;0;0;0;0;"UK";"AgeGender"
"...215";"15";"19";"UK";2020-05-15;2020;19;0;0;0;0;"UK";"AgeGender"
"...216";"20";"24";"UK";2020-05-15;2020;19;2;1;0;3;"UK";"AgeGender"
"...217";"25";"29";"UK";2020-05-15;2020;19;3;0;0;3;"UK";"AgeGender"
"...218";"30";"34";"UK";2020-05-15;2020;19;1;3;0;4;"UK";"AgeGender"
"...219";"35";"39";"UK";2020-05-15;2020;19;5;3;0;8;"UK";"AgeGender"
"...2110";"40";"44";"UK";2020-05-15;2020;19;8;8;0;16;"UK";"AgeGender"
"...2111";"45";"49";"UK";2020-05-15;2020;19;17;8;0;25;"UK";"AgeGender"
"...2112";"50";"54";"UK";2020-05-15;2020;19;27;20;0;47;"UK";"AgeGender"
"...2113";"55";"59";"UK";2020-05-15;2020;19;59;25;0;84;"UK";"AgeGender"
"...2114";"60";"64";"UK";2020-05-15;2020;19;104;32;0;136;"UK";"AgeGender"
"...2115";"65";"69";"UK";2020-05-15;2020;19;125;61;0;186;"UK";"AgeGender"
"...2116";"70";"74";"UK";2020-05-15;2020;19;218;125;0;343;"UK";"AgeGender"
"...2117";"75";"79";"UK";2020-05-15;2020;19;287;190;0;477;"UK";"AgeGender"
"...2118";"80";"84";"UK";2020-05-15;2020;19;394;322;0;716;"UK";"AgeGender"
"...2119";"85";"89";"UK";2020-05-15;2020;19;401;502;0;903;"UK";"AgeGender"
"...2120";"90";NA;"UK";2020-05-15;2020;19;382;666;0;1048;"UK";"AgeGender"
"...221";"0";"1";"UK";2020-05-22;2020;20;0;0;0;0;"UK";"AgeGender"
"...222";"1";"4";"UK";2020-05-22;2020;20;0;0;0;0;"UK";"AgeGender"
"...223";"5";"9";"UK";2020-05-22;2020;20;0;0;0;0;"UK";"AgeGender"
"...224";"10";"14";"UK";2020-05-22;2020;20;0;0;0;0;"UK";"AgeGender"
"...225";"15";"19";"UK";2020-05-22;2020;20;0;1;0;1;"UK";"AgeGender"
"...226";"20";"24";"UK";2020-05-22;2020;20;0;0;0;0;"UK";"AgeGender"
"...227";"25";"29";"UK";2020-05-22;2020;20;2;0;0;2;"UK";"AgeGender"
"...228";"30";"34";"UK";2020-05-22;2020;20;3;2;0;5;"UK";"AgeGender"
"...229";"35";"39";"UK";2020-05-22;2020;20;3;2;0;5;"UK";"AgeGender"
"...2210";"40";"44";"UK";2020-05-22;2020;20;7;7;0;14;"UK";"AgeGender"
"...2211";"45";"49";"UK";2020-05-22;2020;20;12;9;0;21;"UK";"AgeGender"
"...2212";"50";"54";"UK";2020-05-22;2020;20;24;7;0;31;"UK";"AgeGender"
"...2213";"55";"59";"UK";2020-05-22;2020;20;45;17;0;62;"UK";"AgeGender"
"...2214";"60";"64";"UK";2020-05-22;2020;20;48;34;0;82;"UK";"AgeGender"
"...2215";"65";"69";"UK";2020-05-22;2020;20;80;51;0;131;"UK";"AgeGender"
"...2216";"70";"74";"UK";2020-05-22;2020;20;132;72;0;204;"UK";"AgeGender"
"...2217";"75";"79";"UK";2020-05-22;2020;20;208;139;0;347;"UK";"AgeGender"
"...2218";"80";"84";"UK";2020-05-22;2020;20;298;247;0;545;"UK";"AgeGender"
"...2219";"85";"89";"UK";2020-05-22;2020;20;300;352;0;652;"UK";"AgeGender"
"...2220";"90";NA;"UK";2020-05-22;2020;20;274;495;0;769;"UK";"AgeGender"
"...231";"0";"1";"UK";2020-05-29;2020;21;0;0;0;0;"UK";"AgeGender"
"...232";"1";"4";"UK";2020-05-29;2020;21;0;0;0;0;"UK";"AgeGender"
"...233";"5";"9";"UK";2020-05-29;2020;21;0;0;0;0;"UK";"AgeGender"
"...234";"10";"14";"UK";2020-05-29;2020;21;1;0;0;1;"UK";"AgeGender"
"...235";"15";"19";"UK";2020-05-29;2020;21;0;0;0;0;"UK";"AgeGender"
"...236";"20";"24";"UK";2020-05-29;2020;21;0;0;0;0;"UK";"AgeGender"
"...237";"25";"29";"UK";2020-05-29;2020;21;0;0;0;0;"UK";"AgeGender"
"...238";"30";"34";"UK";2020-05-29;2020;21;2;0;0;2;"UK";"AgeGender"
"...239";"35";"39";"UK";2020-05-29;2020;21;1;0;0;1;"UK";"AgeGender"
"...2310";"40";"44";"UK";2020-05-29;2020;21;4;4;0;8;"UK";"AgeGender"
"...2311";"45";"49";"UK";2020-05-29;2020;21;13;5;0;18;"UK";"AgeGender"
"...2312";"50";"54";"UK";2020-05-29;2020;21;18;7;0;25;"UK";"AgeGender"
"...2313";"55";"59";"UK";2020-05-29;2020;21;30;18;0;48;"UK";"AgeGender"
"...2314";"60";"64";"UK";2020-05-29;2020;21;48;28;0;76;"UK";"AgeGender"
"...2315";"65";"69";"UK";2020-05-29;2020;21;49;34;0;83;"UK";"AgeGender"
"...2316";"70";"74";"UK";2020-05-29;2020;21;111;77;0;188;"UK";"AgeGender"
"...2317";"75";"79";"UK";2020-05-29;2020;21;151;128;0;279;"UK";"AgeGender"
"...2318";"80";"84";"UK";2020-05-29;2020;21;224;199;0;423;"UK";"AgeGender"
"...2319";"85";"89";"UK";2020-05-29;2020;21;260;274;0;534;"UK";"AgeGender"
"...2320";"90";NA;"UK";2020-05-29;2020;21;198;414;0;612;"UK";"AgeGender"
"...241";"0";"1";"UK";2020-06-05;2020;22;0;0;0;0;"UK";"AgeGender"
"...242";"1";"4";"UK";2020-06-05;2020;22;0;0;0;0;"UK";"AgeGender"
"...243";"5";"9";"UK";2020-06-05;2020;22;0;0;0;0;"UK";"AgeGender"
"...244";"10";"14";"UK";2020-06-05;2020;22;0;0;0;0;"UK";"AgeGender"
"...245";"15";"19";"UK";2020-06-05;2020;22;0;0;0;0;"UK";"AgeGender"
"...246";"20";"24";"UK";2020-06-05;2020;22;1;0;0;1;"UK";"AgeGender"
"...247";"25";"29";"UK";2020-06-05;2020;22;1;1;0;2;"UK";"AgeGender"
"...248";"30";"34";"UK";2020-06-05;2020;22;0;1;0;1;"UK";"AgeGender"
"...249";"35";"39";"UK";2020-06-05;2020;22;2;2;0;4;"UK";"AgeGender"
"...2410";"40";"44";"UK";2020-06-05;2020;22;4;3;0;7;"UK";"AgeGender"
"...2411";"45";"49";"UK";2020-06-05;2020;22;4;7;0;11;"UK";"AgeGender"
"...2412";"50";"54";"UK";2020-06-05;2020;22;16;11;0;27;"UK";"AgeGender"
"...2413";"55";"59";"UK";2020-06-05;2020;22;27;18;0;45;"UK";"AgeGender"
"...2414";"60";"64";"UK";2020-06-05;2020;22;38;29;0;67;"UK";"AgeGender"
"...2415";"65";"69";"UK";2020-06-05;2020;22;34;36;0;70;"UK";"AgeGender"
"...2416";"70";"74";"UK";2020-06-05;2020;22;90;49;0;139;"UK";"AgeGender"
"...2417";"75";"79";"UK";2020-06-05;2020;22;128;79;0;207;"UK";"AgeGender"
"...2418";"80";"84";"UK";2020-06-05;2020;22;202;156;0;358;"UK";"AgeGender"
"...2419";"85";"89";"UK";2020-06-05;2020;22;182;212;0;394;"UK";"AgeGender"
"...2420";"90";NA;"UK";2020-06-05;2020;22;174;283;0;457;"UK";"AgeGender"
"...251";"0";"1";"UK";2020-06-12;2020;23;0;0;0;0;"UK";"AgeGender"
"...252";"1";"4";"UK";2020-06-12;2020;23;0;0;0;0;"UK";"AgeGender"
"...253";"5";"9";"UK";2020-06-12;2020;23;0;0;0;0;"UK";"AgeGender"
"...254";"10";"14";"UK";2020-06-12;2020;23;1;0;0;1;"UK";"AgeGender"
"...255";"15";"19";"UK";2020-06-12;2020;23;0;0;0;0;"UK";"AgeGender"
"...256";"20";"24";"UK";2020-06-12;2020;23;0;0;0;0;"UK";"AgeGender"
"...257";"25";"29";"UK";2020-06-12;2020;23;0;0;0;0;"UK";"AgeGender"
"...258";"30";"34";"UK";2020-06-12;2020;23;0;1;0;1;"UK";"AgeGender"
"...259";"35";"39";"UK";2020-06-12;2020;23;3;1;0;4;"UK";"AgeGender"
"...2510";"40";"44";"UK";2020-06-12;2020;23;2;4;0;6;"UK";"AgeGender"
"...2511";"45";"49";"UK";2020-06-12;2020;23;3;6;0;9;"UK";"AgeGender"
"...2512";"50";"54";"UK";2020-06-12;2020;23;11;6;0;17;"UK";"AgeGender"
"...2513";"55";"59";"UK";2020-06-12;2020;23;14;15;0;29;"UK";"AgeGender"
"...2514";"60";"64";"UK";2020-06-12;2020;23;16;13;0;29;"UK";"AgeGender"
"...2515";"65";"69";"UK";2020-06-12;2020;23;37;33;0;70;"UK";"AgeGender"
"...2516";"70";"74";"UK";2020-06-12;2020;23;65;47;0;112;"UK";"AgeGender"
"...2517";"75";"79";"UK";2020-06-12;2020;23;96;67;0;163;"UK";"AgeGender"
"...2518";"80";"84";"UK";2020-06-12;2020;23;125;131;0;256;"UK";"AgeGender"
"...2519";"85";"89";"UK";2020-06-12;2020;23;122;162;0;284;"UK";"AgeGender"
"...2520";"90";NA;"UK";2020-06-12;2020;23;129;208;0;337;"UK";"AgeGender"
"...261";"0";"1";"UK";2020-06-19;2020;24;0;0;0;0;"UK";"AgeGender"
"...262";"1";"4";"UK";2020-06-19;2020;24;0;0;0;0;"UK";"AgeGender"
"...263";"5";"9";"UK";2020-06-19;2020;24;0;0;0;0;"UK";"AgeGender"
"...264";"10";"14";"UK";2020-06-19;2020;24;0;0;0;0;"UK";"AgeGender"
"...265";"15";"19";"UK";2020-06-19;2020;24;0;0;0;0;"UK";"AgeGender"
"...266";"20";"24";"UK";2020-06-19;2020;24;0;1;0;1;"UK";"AgeGender"
"...267";"25";"29";"UK";2020-06-19;2020;24;1;0;0;1;"UK";"AgeGender"
"...268";"30";"34";"UK";2020-06-19;2020;24;0;1;0;1;"UK";"AgeGender"
"...269";"35";"39";"UK";2020-06-19;2020;24;2;1;0;3;"UK";"AgeGender"
"...2610";"40";"44";"UK";2020-06-19;2020;24;5;2;0;7;"UK";"AgeGender"
"...2611";"45";"49";"UK";2020-06-19;2020;24;4;2;0;6;"UK";"AgeGender"
"...2612";"50";"54";"UK";2020-06-19;2020;24;12;3;0;15;"UK";"AgeGender"
"...2613";"55";"59";"UK";2020-06-19;2020;24;12;6;0;18;"UK";"AgeGender"
"...2614";"60";"64";"UK";2020-06-19;2020;24;19;12;0;31;"UK";"AgeGender"
"...2615";"65";"69";"UK";2020-06-19;2020;24;25;15;0;40;"UK";"AgeGender"
"...2616";"70";"74";"UK";2020-06-19;2020;24;39;31;0;70;"UK";"AgeGender"
"...2617";"75";"79";"UK";2020-06-19;2020;24;70;49;0;119;"UK";"AgeGender"
"...2618";"80";"84";"UK";2020-06-19;2020;24;115;84;0;199;"UK";"AgeGender"
"...2619";"85";"89";"UK";2020-06-19;2020;24;102;108;0;210;"UK";"AgeGender"
"...2620";"90";NA;"UK";2020-06-19;2020;24;89;149;0;238;"UK";"AgeGender"
"...271";"0";"1";"UK";2020-06-26;2020;25;0;0;0;0;"UK";"AgeGender"
"...272";"1";"4";"UK";2020-06-26;2020;25;0;0;0;0;"UK";"AgeGender"
"...273";"5";"9";"UK";2020-06-26;2020;25;0;0;0;0;"UK";"AgeGender"
"...274";"10";"14";"UK";2020-06-26;2020;25;0;0;0;0;"UK";"AgeGender"
"...275";"15";"19";"UK";2020-06-26;2020;25;0;0;0;0;"UK";"AgeGender"
"...276";"20";"24";"UK";2020-06-26;2020;25;0;0;0;0;"UK";"AgeGender"
"...277";"25";"29";"UK";2020-06-26;2020;25;0;0;0;0;"UK";"AgeGender"
"...278";"30";"34";"UK";2020-06-26;2020;25;0;0;0;0;"UK";"AgeGender"
"...279";"35";"39";"UK";2020-06-26;2020;25;2;0;0;2;"UK";"AgeGender"
"...2710";"40";"44";"UK";2020-06-26;2020;25;3;1;0;4;"UK";"AgeGender"
"...2711";"45";"49";"UK";2020-06-26;2020;25;1;1;0;2;"UK";"AgeGender"
"...2712";"50";"54";"UK";2020-06-26;2020;25;6;4;0;10;"UK";"AgeGender"
"...2713";"55";"59";"UK";2020-06-26;2020;25;11;5;0;16;"UK";"AgeGender"
"...2714";"60";"64";"UK";2020-06-26;2020;25;14;8;0;22;"UK";"AgeGender"
"...2715";"65";"69";"UK";2020-06-26;2020;25;25;12;0;37;"UK";"AgeGender"
"...2716";"70";"74";"UK";2020-06-26;2020;25;48;22;0;70;"UK";"AgeGender"
"...2717";"75";"79";"UK";2020-06-26;2020;25;50;39;0;89;"UK";"AgeGender"
"...2718";"80";"84";"UK";2020-06-26;2020;25;71;59;0;130;"UK";"AgeGender"
"...2719";"85";"89";"UK";2020-06-26;2020;25;71;72;0;143;"UK";"AgeGender"
"...2720";"90";NA;"UK";2020-06-26;2020;25;60;99;0;159;"UK";"AgeGender"
"...281";"0";"1";"UK";2020-07-03;2020;26;0;0;0;0;"UK";"AgeGender"
"...282";"1";"4";"UK";2020-07-03;2020;26;0;0;0;0;"UK";"AgeGender"
"...283";"5";"9";"UK";2020-07-03;2020;26;0;0;0;0;"UK";"AgeGender"
"...284";"10";"14";"UK";2020-07-03;2020;26;0;0;0;0;"UK";"AgeGender"
"...285";"15";"19";"UK";2020-07-03;2020;26;0;0;0;0;"UK";"AgeGender"
"...286";"20";"24";"UK";2020-07-03;2020;26;0;0;0;0;"UK";"AgeGender"
"...287";"25";"29";"UK";2020-07-03;2020;26;0;0;0;0;"UK";"AgeGender"
"...288";"30";"34";"UK";2020-07-03;2020;26;0;0;0;0;"UK";"AgeGender"
"...289";"35";"39";"UK";2020-07-03;2020;26;0;0;0;0;"UK";"AgeGender"
"...2810";"40";"44";"UK";2020-07-03;2020;26;0;0;0;0;"UK";"AgeGender"
"...2811";"45";"49";"UK";2020-07-03;2020;26;2;4;0;6;"UK";"AgeGender"
"...2812";"50";"54";"UK";2020-07-03;2020;26;10;2;0;12;"UK";"AgeGender"
"...2813";"55";"59";"UK";2020-07-03;2020;26;6;3;0;9;"UK";"AgeGender"
"...2814";"60";"64";"UK";2020-07-03;2020;26;15;5;0;20;"UK";"AgeGender"
"...2815";"65";"69";"UK";2020-07-03;2020;26;21;10;0;31;"UK";"AgeGender"
"...2816";"70";"74";"UK";2020-07-03;2020;26;24;24;0;48;"UK";"AgeGender"
"...2817";"75";"79";"UK";2020-07-03;2020;26;46;34;0;80;"UK";"AgeGender"
"...2818";"80";"84";"UK";2020-07-03;2020;26;72;52;0;124;"UK";"AgeGender"
"...2819";"85";"89";"UK";2020-07-03;2020;26;63;55;0;118;"UK";"AgeGender"
"...2820";"90";NA;"UK";2020-07-03;2020;26;63;82;0;145;"UK";"AgeGender"
"...291";"0";"1";"UK";2020-07-10;2020;27;0;0;0;0;"UK";"AgeGender"
"...292";"1";"4";"UK";2020-07-10;2020;27;0;0;0;0;"UK";"AgeGender"
"...293";"5";"9";"UK";2020-07-10;2020;27;0;0;0;0;"UK";"AgeGender"
"...294";"10";"14";"UK";2020-07-10;2020;27;0;0;0;0;"UK";"AgeGender"
"...295";"15";"19";"UK";2020-07-10;2020;27;0;0;0;0;"UK";"AgeGender"
"...296";"20";"24";"UK";2020-07-10;2020;27;0;0;0;0;"UK";"AgeGender"
"...297";"25";"29";"UK";2020-07-10;2020;27;0;0;0;0;"UK";"AgeGender"
"...298";"30";"34";"UK";2020-07-10;2020;27;1;1;0;2;"UK";"AgeGender"
"...299";"35";"39";"UK";2020-07-10;2020;27;0;1;0;1;"UK";"AgeGender"
"...2910";"40";"44";"UK";2020-07-10;2020;27;1;1;0;2;"UK";"AgeGender"
"...2911";"45";"49";"UK";2020-07-10;2020;27;2;2;0;4;"UK";"AgeGender"
"...2912";"50";"54";"UK";2020-07-10;2020;27;6;2;0;8;"UK";"AgeGender"
"...2913";"55";"59";"UK";2020-07-10;2020;27;11;0;0;11;"UK";"AgeGender"
"...2914";"60";"64";"UK";2020-07-10;2020;27;13;1;0;14;"UK";"AgeGender"
"...2915";"65";"69";"UK";2020-07-10;2020;27;11;7;0;18;"UK";"AgeGender"
"...2916";"70";"74";"UK";2020-07-10;2020;27;18;19;0;37;"UK";"AgeGender"
"...2917";"75";"79";"UK";2020-07-10;2020;27;36;21;0;57;"UK";"AgeGender"
"...2918";"80";"84";"UK";2020-07-10;2020;27;54;30;0;84;"UK";"AgeGender"
"...2919";"85";"89";"UK";2020-07-10;2020;27;44;48;0;92;"UK";"AgeGender"
"...2920";"90";NA;"UK";2020-07-10;2020;27;35;65;0;100;"UK";"AgeGender"
"...301";"0";"1";"UK";2020-07-17;2020;28;0;0;0;0;"UK";"AgeGender"
"...302";"1";"4";"UK";2020-07-17;2020;28;0;0;0;0;"UK";"AgeGender"
"...303";"5";"9";"UK";2020-07-17;2020;28;0;0;0;0;"UK";"AgeGender"
"...304";"10";"14";"UK";2020-07-17;2020;28;0;0;0;0;"UK";"AgeGender"
"...305";"15";"19";"UK";2020-07-17;2020;28;0;0;0;0;"UK";"AgeGender"
"...306";"20";"24";"UK";2020-07-17;2020;28;1;0;0;1;"UK";"AgeGender"
"...307";"25";"29";"UK";2020-07-17;2020;28;0;0;0;0;"UK";"AgeGender"
"...308";"30";"34";"UK";2020-07-17;2020;28;0;0;0;0;"UK";"AgeGender"
"...309";"35";"39";"UK";2020-07-17;2020;28;0;0;0;0;"UK";"AgeGender"
"...3010";"40";"44";"UK";2020-07-17;2020;28;4;0;0;4;"UK";"AgeGender"
"...3011";"45";"49";"UK";2020-07-17;2020;28;3;0;0;3;"UK";"AgeGender"
"...3012";"50";"54";"UK";2020-07-17;2020;28;3;2;0;5;"UK";"AgeGender"
"...3013";"55";"59";"UK";2020-07-17;2020;28;5;2;0;7;"UK";"AgeGender"
"...3014";"60";"64";"UK";2020-07-17;2020;28;7;5;0;12;"UK";"AgeGender"
"...3015";"65";"69";"UK";2020-07-17;2020;28;8;8;0;16;"UK";"AgeGender"
"...3016";"70";"74";"UK";2020-07-17;2020;28;19;15;0;34;"UK";"AgeGender"
"...3017";"75";"79";"UK";2020-07-17;2020;28;23;17;0;40;"UK";"AgeGender"
"...3018";"80";"84";"UK";2020-07-17;2020;28;37;26;0;63;"UK";"AgeGender"
"...3019";"85";"89";"UK";2020-07-17;2020;28;29;37;0;66;"UK";"AgeGender"
"...3020";"90";NA;"UK";2020-07-17;2020;28;34;54;0;88;"UK";"AgeGender"
"...31110";"0";"1";"UK";2020-07-24;2020;29;0;0;0;0;"UK";"AgeGender"
"...3121";"1";"4";"UK";2020-07-24;2020;29;0;0;0;0;"UK";"AgeGender"
"...3131";"5";"9";"UK";2020-07-24;2020;29;0;0;0;0;"UK";"AgeGender"
"...3141";"10";"14";"UK";2020-07-24;2020;29;0;0;0;0;"UK";"AgeGender"
"...3151";"15";"19";"UK";2020-07-24;2020;29;0;0;0;0;"UK";"AgeGender"
"...3161";"20";"24";"UK";2020-07-24;2020;29;0;0;0;0;"UK";"AgeGender"
"...3171";"25";"29";"UK";2020-07-24;2020;29;0;0;0;0;"UK";"AgeGender"
"...3181";"30";"34";"UK";2020-07-24;2020;29;0;0;0;0;"UK";"AgeGender"
"...3191";"35";"39";"UK";2020-07-24;2020;29;1;0;0;1;"UK";"AgeGender"
"...3110";"40";"44";"UK";2020-07-24;2020;29;1;0;0;1;"UK";"AgeGender"
"...3111";"45";"49";"UK";2020-07-24;2020;29;5;1;0;6;"UK";"AgeGender"
"...3112";"50";"54";"UK";2020-07-24;2020;29;2;3;0;5;"UK";"AgeGender"
"...3113";"55";"59";"UK";2020-07-24;2020;29;4;1;0;5;"UK";"AgeGender"
"...3114";"60";"64";"UK";2020-07-24;2020;29;1;3;0;4;"UK";"AgeGender"
"...3115";"65";"69";"UK";2020-07-24;2020;29;5;7;0;12;"UK";"AgeGender"
"...3116";"70";"74";"UK";2020-07-24;2020;29;17;16;0;33;"UK";"AgeGender"
"...3117";"75";"79";"UK";2020-07-24;2020;29;19;14;0;33;"UK";"AgeGender"
"...3118";"80";"84";"UK";2020-07-24;2020;29;31;13;0;44;"UK";"AgeGender"
"...3119";"85";"89";"UK";2020-07-24;2020;29;24;19;0;43;"UK";"AgeGender"
"...3120";"90";NA;"UK";2020-07-24;2020;29;18;33;0;51;"UK";"AgeGender"
"...321";"0";"1";"UK";2020-07-31;2020;30;0;0;0;0;"UK";"AgeGender"
"...322";"1";"4";"UK";2020-07-31;2020;30;0;0;0;0;"UK";"AgeGender"
"...323";"5";"9";"UK";2020-07-31;2020;30;0;0;0;0;"UK";"AgeGender"
"...324";"10";"14";"UK";2020-07-31;2020;30;0;0;0;0;"UK";"AgeGender"
"...325";"15";"19";"UK";2020-07-31;2020;30;0;0;0;0;"UK";"AgeGender"
"...326";"20";"24";"UK";2020-07-31;2020;30;0;0;0;0;"UK";"AgeGender"
"...327";"25";"29";"UK";2020-07-31;2020;30;0;0;0;0;"UK";"AgeGender"
"...328";"30";"34";"UK";2020-07-31;2020;30;0;1;0;1;"UK";"AgeGender"
"...329";"35";"39";"UK";2020-07-31;2020;30;0;1;0;1;"UK";"AgeGender"
"...3210";"40";"44";"UK";2020-07-31;2020;30;1;0;0;1;"UK";"AgeGender"
"...3211";"45";"49";"UK";2020-07-31;2020;30;0;0;0;0;"UK";"AgeGender"
"...3212";"50";"54";"UK";2020-07-31;2020;30;2;1;0;3;"UK";"AgeGender"
"...3213";"55";"59";"UK";2020-07-31;2020;30;3;3;0;6;"UK";"AgeGender"
"...3214";"60";"64";"UK";2020-07-31;2020;30;4;1;0;5;"UK";"AgeGender"
"...3215";"65";"69";"UK";2020-07-31;2020;30;11;4;0;15;"UK";"AgeGender"
"...3216";"70";"74";"UK";2020-07-31;2020;30;6;11;0;17;"UK";"AgeGender"
"...3217";"75";"79";"UK";2020-07-31;2020;30;15;12;0;27;"UK";"AgeGender"
"...3218";"80";"84";"UK";2020-07-31;2020;30;22;12;0;34;"UK";"AgeGender"
"...3219";"85";"89";"UK";2020-07-31;2020;30;21;26;0;47;"UK";"AgeGender"
"...3220";"90";NA;"UK";2020-07-31;2020;30;18;21;0;39;"UK";"AgeGender"
"...331";"0";"1";"UK";2020-08-07;2020;31;0;0;0;0;"UK";"AgeGender"
"...332";"1";"4";"UK";2020-08-07;2020;31;0;0;0;0;"UK";"AgeGender"
"...333";"5";"9";"UK";2020-08-07;2020;31;0;0;0;0;"UK";"AgeGender"
"...334";"10";"14";"UK";2020-08-07;2020;31;0;0;0;0;"UK";"AgeGender"
"...335";"15";"19";"UK";2020-08-07;2020;31;1;0;0;1;"UK";"AgeGender"
"...336";"20";"24";"UK";2020-08-07;2020;31;0;0;0;0;"UK";"AgeGender"
"...337";"25";"29";"UK";2020-08-07;2020;31;0;0;0;0;"UK";"AgeGender"
"...338";"30";"34";"UK";2020-08-07;2020;31;0;0;0;0;"UK";"AgeGender"
"...339";"35";"39";"UK";2020-08-07;2020;31;0;0;0;0;"UK";"AgeGender"
"...3310";"40";"44";"UK";2020-08-07;2020;31;1;0;0;1;"UK";"AgeGender"
"...3311";"45";"49";"UK";2020-08-07;2020;31;2;2;0;4;"UK";"AgeGender"
"...3312";"50";"54";"UK";2020-08-07;2020;31;2;0;0;2;"UK";"AgeGender"
"...3313";"55";"59";"UK";2020-08-07;2020;31;5;1;0;6;"UK";"AgeGender"
"...3314";"60";"64";"UK";2020-08-07;2020;31;2;2;0;4;"UK";"AgeGender"
"...3315";"65";"69";"UK";2020-08-07;2020;31;9;3;0;12;"UK";"AgeGender"
"...3316";"70";"74";"UK";2020-08-07;2020;31;8;6;0;14;"UK";"AgeGender"
"...3317";"75";"79";"UK";2020-08-07;2020;31;13;10;0;23;"UK";"AgeGender"
"...3318";"80";"84";"UK";2020-08-07;2020;31;20;15;0;35;"UK";"AgeGender"
"...3319";"85";"89";"UK";2020-08-07;2020;31;11;16;0;27;"UK";"AgeGender"
"...3320";"90";NA;"UK";2020-08-07;2020;31;18;18;0;36;"UK";"AgeGender"
"...341";"0";"1";"UK";2020-08-14;2020;32;0;0;0;0;"UK";"AgeGender"
"...342";"1";"4";"UK";2020-08-14;2020;32;0;0;0;0;"UK";"AgeGender"
"...343";"5";"9";"UK";2020-08-14;2020;32;0;0;0;0;"UK";"AgeGender"
"...344";"10";"14";"UK";2020-08-14;2020;32;0;0;0;0;"UK";"AgeGender"
"...345";"15";"19";"UK";2020-08-14;2020;32;0;0;0;0;"UK";"AgeGender"
"...346";"20";"24";"UK";2020-08-14;2020;32;0;0;0;0;"UK";"AgeGender"
"...347";"25";"29";"UK";2020-08-14;2020;32;0;0;0;0;"UK";"AgeGender"
"...348";"30";"34";"UK";2020-08-14;2020;32;0;0;0;0;"UK";"AgeGender"
"...349";"35";"39";"UK";2020-08-14;2020;32;0;0;0;0;"UK";"AgeGender"
"...3410";"40";"44";"UK";2020-08-14;2020;32;0;0;0;0;"UK";"AgeGender"
"...3411";"45";"49";"UK";2020-08-14;2020;32;0;2;0;2;"UK";"AgeGender"
"...3412";"50";"54";"UK";2020-08-14;2020;32;2;1;0;3;"UK";"AgeGender"
"...3413";"55";"59";"UK";2020-08-14;2020;32;2;1;0;3;"UK";"AgeGender"
"...3414";"60";"64";"UK";2020-08-14;2020;32;2;4;0;6;"UK";"AgeGender"
"...3415";"65";"69";"UK";2020-08-14;2020;32;7;4;0;11;"UK";"AgeGender"
"...3416";"70";"74";"UK";2020-08-14;2020;32;8;7;0;15;"UK";"AgeGender"
"...3417";"75";"79";"UK";2020-08-14;2020;32;9;6;0;15;"UK";"AgeGender"
"...3418";"80";"84";"UK";2020-08-14;2020;32;14;10;0;24;"UK";"AgeGender"
"...3419";"85";"89";"UK";2020-08-14;2020;32;10;13;0;23;"UK";"AgeGender"
"...3420";"90";NA;"UK";2020-08-14;2020;32;11;22;0;33;"UK";"AgeGender"
"...351";"0";"1";"UK";2020-08-21;2020;33;0;0;0;0;"UK";"AgeGender"
"...352";"1";"4";"UK";2020-08-21;2020;33;0;0;0;0;"UK";"AgeGender"
"...353";"5";"9";"UK";2020-08-21;2020;33;0;0;0;0;"UK";"AgeGender"
"...354";"10";"14";"UK";2020-08-21;2020;33;0;0;0;0;"UK";"AgeGender"
"...355";"15";"19";"UK";2020-08-21;2020;33;0;0;0;0;"UK";"AgeGender"
"...356";"20";"24";"UK";2020-08-21;2020;33;0;0;0;0;"UK";"AgeGender"
"...357";"25";"29";"UK";2020-08-21;2020;33;0;0;0;0;"UK";"AgeGender"
"...358";"30";"34";"UK";2020-08-21;2020;33;0;0;0;0;"UK";"AgeGender"
"...359";"35";"39";"UK";2020-08-21;2020;33;0;0;0;0;"UK";"AgeGender"
"...3510";"40";"44";"UK";2020-08-21;2020;33;0;0;0;0;"UK";"AgeGender"
"...3511";"45";"49";"UK";2020-08-21;2020;33;1;0;0;1;"UK";"AgeGender"
"...3512";"50";"54";"UK";2020-08-21;2020;33;0;0;0;0;"UK";"AgeGender"
"...3513";"55";"59";"UK";2020-08-21;2020;33;2;2;0;4;"UK";"AgeGender"
"...3514";"60";"64";"UK";2020-08-21;2020;33;3;2;0;5;"UK";"AgeGender"
"...3515";"65";"69";"UK";2020-08-21;2020;33;3;7;0;10;"UK";"AgeGender"
"...3516";"70";"74";"UK";2020-08-21;2020;33;6;4;0;10;"UK";"AgeGender"
"...3517";"75";"79";"UK";2020-08-21;2020;33;17;8;0;25;"UK";"AgeGender"
"...3518";"80";"84";"UK";2020-08-21;2020;33;13;16;0;29;"UK";"AgeGender"
"...3519";"85";"89";"UK";2020-08-21;2020;33;16;16;0;32;"UK";"AgeGender"
"...3520";"90";NA;"UK";2020-08-21;2020;33;5;21;0;26;"UK";"AgeGender"
"...361";"0";"1";"UK";2020-08-28;2020;34;0;0;0;0;"UK";"AgeGender"
"...362";"1";"4";"UK";2020-08-28;2020;34;0;0;0;0;"UK";"AgeGender"
"...363";"5";"9";"UK";2020-08-28;2020;34;0;0;0;0;"UK";"AgeGender"
"...364";"10";"14";"UK";2020-08-28;2020;34;0;0;0;0;"UK";"AgeGender"
"...365";"15";"19";"UK";2020-08-28;2020;34;0;0;0;0;"UK";"AgeGender"
"...366";"20";"24";"UK";2020-08-28;2020;34;0;0;0;0;"UK";"AgeGender"
"...367";"25";"29";"UK";2020-08-28;2020;34;0;1;0;1;"UK";"AgeGender"
"...368";"30";"34";"UK";2020-08-28;2020;34;1;0;0;1;"UK";"AgeGender"
"...369";"35";"39";"UK";2020-08-28;2020;34;1;0;0;1;"UK";"AgeGender"
"...3610";"40";"44";"UK";2020-08-28;2020;34;1;1;0;2;"UK";"AgeGender"
"...3611";"45";"49";"UK";2020-08-28;2020;34;1;1;0;2;"UK";"AgeGender"
"...3612";"50";"54";"UK";2020-08-28;2020;34;2;2;0;4;"UK";"AgeGender"
"...3613";"55";"59";"UK";2020-08-28;2020;34;4;1;0;5;"UK";"AgeGender"
"...3614";"60";"64";"UK";2020-08-28;2020;34;2;1;0;3;"UK";"AgeGender"
"...3615";"65";"69";"UK";2020-08-28;2020;34;3;3;0;6;"UK";"AgeGender"
"...3616";"70";"74";"UK";2020-08-28;2020;34;4;1;0;5;"UK";"AgeGender"
"...3617";"75";"79";"UK";2020-08-28;2020;34;11;3;0;14;"UK";"AgeGender"
"...3618";"80";"84";"UK";2020-08-28;2020;34;12;12;0;24;"UK";"AgeGender"
"...3619";"85";"89";"UK";2020-08-28;2020;34;6;17;0;23;"UK";"AgeGender"
"...3620";"90";NA;"UK";2020-08-28;2020;34;7;6;0;13;"UK";"AgeGender"
"...371";"0";"1";"UK";2020-09-04;2020;35;0;0;0;0;"UK";"AgeGender"
"...372";"1";"4";"UK";2020-09-04;2020;35;0;0;0;0;"UK";"AgeGender"
"...373";"5";"9";"UK";2020-09-04;2020;35;0;0;0;0;"UK";"AgeGender"
"...374";"10";"14";"UK";2020-09-04;2020;35;0;0;0;0;"UK";"AgeGender"
"...375";"15";"19";"UK";2020-09-04;2020;35;0;0;0;0;"UK";"AgeGender"
"...376";"20";"24";"UK";2020-09-04;2020;35;0;0;0;0;"UK";"AgeGender"
"...377";"25";"29";"UK";2020-09-04;2020;35;0;0;0;0;"UK";"AgeGender"
"...378";"30";"34";"UK";2020-09-04;2020;35;0;0;0;0;"UK";"AgeGender"
"...379";"35";"39";"UK";2020-09-04;2020;35;0;2;0;2;"UK";"AgeGender"
"...3710";"40";"44";"UK";2020-09-04;2020;35;0;1;0;1;"UK";"AgeGender"
"...3711";"45";"49";"UK";2020-09-04;2020;35;1;0;0;1;"UK";"AgeGender"
"...3712";"50";"54";"UK";2020-09-04;2020;35;3;2;0;5;"UK";"AgeGender"
"...3713";"55";"59";"UK";2020-09-04;2020;35;2;0;0;2;"UK";"AgeGender"
"...3714";"60";"64";"UK";2020-09-04;2020;35;3;2;0;5;"UK";"AgeGender"
"...3715";"65";"69";"UK";2020-09-04;2020;35;4;3;0;7;"UK";"AgeGender"
"...3716";"70";"74";"UK";2020-09-04;2020;35;4;2;0;6;"UK";"AgeGender"
"...3717";"75";"79";"UK";2020-09-04;2020;35;7;2;0;9;"UK";"AgeGender"
"...3718";"80";"84";"UK";2020-09-04;2020;35;13;6;0;19;"UK";"AgeGender"
"...3719";"85";"89";"UK";2020-09-04;2020;35;12;5;0;17;"UK";"AgeGender"
"...3720";"90";NA;"UK";2020-09-04;2020;35;10;9;0;19;"UK";"AgeGender"
"...381";"0";"1";"UK";2020-09-11;2020;36;0;0;0;0;"UK";"AgeGender"
"...382";"1";"4";"UK";2020-09-11;2020;36;0;0;0;0;"UK";"AgeGender"
"...383";"5";"9";"UK";2020-09-11;2020;36;0;0;0;0;"UK";"AgeGender"
"...384";"10";"14";"UK";2020-09-11;2020;36;0;0;0;0;"UK";"AgeGender"
"...385";"15";"19";"UK";2020-09-11;2020;36;0;0;0;0;"UK";"AgeGender"
"...386";"20";"24";"UK";2020-09-11;2020;36;0;0;0;0;"UK";"AgeGender"
"...387";"25";"29";"UK";2020-09-11;2020;36;0;0;0;0;"UK";"AgeGender"
"...388";"30";"34";"UK";2020-09-11;2020;36;0;0;0;0;"UK";"AgeGender"
"...389";"35";"39";"UK";2020-09-11;2020;36;1;1;0;2;"UK";"AgeGender"
"...3810";"40";"44";"UK";2020-09-11;2020;36;0;0;0;0;"UK";"AgeGender"
"...3811";"45";"49";"UK";2020-09-11;2020;36;1;1;0;2;"UK";"AgeGender"
"...3812";"50";"54";"UK";2020-09-11;2020;36;1;1;0;2;"UK";"AgeGender"
"...3813";"55";"59";"UK";2020-09-11;2020;36;2;0;0;2;"UK";"AgeGender"
"...3814";"60";"64";"UK";2020-09-11;2020;36;4;1;0;5;"UK";"AgeGender"
"...3815";"65";"69";"UK";2020-09-11;2020;36;3;1;0;4;"UK";"AgeGender"
"...3816";"70";"74";"UK";2020-09-11;2020;36;8;1;0;9;"UK";"AgeGender"
"...3817";"75";"79";"UK";2020-09-11;2020;36;9;2;0;11;"UK";"AgeGender"
"...3818";"80";"84";"UK";2020-09-11;2020;36;5;6;0;11;"UK";"AgeGender"
"...3819";"85";"89";"UK";2020-09-11;2020;36;8;6;0;14;"UK";"AgeGender"
"...3820";"90";NA;"UK";2020-09-11;2020;36;8;7;0;15;"UK";"AgeGender"
"...391";"0";"1";"UK";2020-09-18;2020;37;0;0;0;0;"UK";"AgeGender"
"...392";"1";"4";"UK";2020-09-18;2020;37;0;0;0;0;"UK";"AgeGender"
"...393";"5";"9";"UK";2020-09-18;2020;37;0;0;0;0;"UK";"AgeGender"
"...394";"10";"14";"UK";2020-09-18;2020;37;0;0;0;0;"UK";"AgeGender"
"...395";"15";"19";"UK";2020-09-18;2020;37;0;0;0;0;"UK";"AgeGender"
"...396";"20";"24";"UK";2020-09-18;2020;37;0;0;0;0;"UK";"AgeGender"
"...397";"25";"29";"UK";2020-09-18;2020;37;0;0;0;0;"UK";"AgeGender"
"...398";"30";"34";"UK";2020-09-18;2020;37;1;0;0;1;"UK";"AgeGender"
"...399";"35";"39";"UK";2020-09-18;2020;37;1;0;0;1;"UK";"AgeGender"
"...3910";"40";"44";"UK";2020-09-18;2020;37;1;0;0;1;"UK";"AgeGender"
"...3911";"45";"49";"UK";2020-09-18;2020;37;0;0;0;0;"UK";"AgeGender"
"...3912";"50";"54";"UK";2020-09-18;2020;37;2;1;0;3;"UK";"AgeGender"
"...3913";"55";"59";"UK";2020-09-18;2020;37;1;0;0;1;"UK";"AgeGender"
"...3914";"60";"64";"UK";2020-09-18;2020;37;4;1;0;5;"UK";"AgeGender"
"...3915";"65";"69";"UK";2020-09-18;2020;37;2;5;0;7;"UK";"AgeGender"
"...3916";"70";"74";"UK";2020-09-18;2020;37;4;6;0;10;"UK";"AgeGender"
"...3917";"75";"79";"UK";2020-09-18;2020;37;12;9;0;21;"UK";"AgeGender"
"...3918";"80";"84";"UK";2020-09-18;2020;37;11;4;0;15;"UK";"AgeGender"
"...3919";"85";"89";"UK";2020-09-18;2020;37;4;15;0;19;"UK";"AgeGender"
"...3920";"90";NA;"UK";2020-09-18;2020;37;7;13;0;20;"UK";"AgeGender"
"...401";"0";"1";"UK";2020-09-25;2020;38;0;0;0;0;"UK";"AgeGender"
"...402";"1";"4";"UK";2020-09-25;2020;38;0;0;0;0;"UK";"AgeGender"
"...403";"5";"9";"UK";2020-09-25;2020;38;0;0;0;0;"UK";"AgeGender"
"...404";"10";"14";"UK";2020-09-25;2020;38;0;0;0;0;"UK";"AgeGender"
"...405";"15";"19";"UK";2020-09-25;2020;38;0;0;0;0;"UK";"AgeGender"
"...406";"20";"24";"UK";2020-09-25;2020;38;0;0;0;0;"UK";"AgeGender"
"...407";"25";"29";"UK";2020-09-25;2020;38;0;0;0;0;"UK";"AgeGender"
"...408";"30";"34";"UK";2020-09-25;2020;38;0;0;0;0;"UK";"AgeGender"
"...409";"35";"39";"UK";2020-09-25;2020;38;0;0;0;0;"UK";"AgeGender"
"...4010";"40";"44";"UK";2020-09-25;2020;38;2;1;0;3;"UK";"AgeGender"
"...4011";"45";"49";"UK";2020-09-25;2020;38;0;1;0;1;"UK";"AgeGender"
"...4012";"50";"54";"UK";2020-09-25;2020;38;2;0;0;2;"UK";"AgeGender"
"...4013";"55";"59";"UK";2020-09-25;2020;38;3;1;0;4;"UK";"AgeGender"
"...4014";"60";"64";"UK";2020-09-25;2020;38;3;3;0;6;"UK";"AgeGender"
"...4015";"65";"69";"UK";2020-09-25;2020;38;9;3;0;12;"UK";"AgeGender"
"...4016";"70";"74";"UK";2020-09-25;2020;38;8;5;0;13;"UK";"AgeGender"
"...4017";"75";"79";"UK";2020-09-25;2020;38;16;6;0;22;"UK";"AgeGender"
"...4018";"80";"84";"UK";2020-09-25;2020;38;20;14;0;34;"UK";"AgeGender"
"...4019";"85";"89";"UK";2020-09-25;2020;38;28;19;0;47;"UK";"AgeGender"
"...4020";"90";NA;"UK";2020-09-25;2020;38;10;17;0;27;"UK";"AgeGender"
"...41110";"0";"1";"UK";2020-10-02;2020;39;0;0;0;0;"UK";"AgeGender"
"...4121";"1";"4";"UK";2020-10-02;2020;39;0;0;0;0;"UK";"AgeGender"
"...4131";"5";"9";"UK";2020-10-02;2020;39;0;0;0;0;"UK";"AgeGender"
"...4141";"10";"14";"UK";2020-10-02;2020;39;0;0;0;0;"UK";"AgeGender"
"...4151";"15";"19";"UK";2020-10-02;2020;39;0;0;0;0;"UK";"AgeGender"
"...4161";"20";"24";"UK";2020-10-02;2020;39;0;0;0;0;"UK";"AgeGender"
"...4171";"25";"29";"UK";2020-10-02;2020;39;0;0;0;0;"UK";"AgeGender"
"...4181";"30";"34";"UK";2020-10-02;2020;39;0;0;0;0;"UK";"AgeGender"
"...4191";"35";"39";"UK";2020-10-02;2020;39;0;2;0;2;"UK";"AgeGender"
"...4110";"40";"44";"UK";2020-10-02;2020;39;1;0;0;1;"UK";"AgeGender"
"...4111";"45";"49";"UK";2020-10-02;2020;39;3;1;0;4;"UK";"AgeGender"
"...4112";"50";"54";"UK";2020-10-02;2020;39;4;2;0;6;"UK";"AgeGender"
"...4113";"55";"59";"UK";2020-10-02;2020;39;6;3;0;9;"UK";"AgeGender"
"...4114";"60";"64";"UK";2020-10-02;2020;39;8;4;0;12;"UK";"AgeGender"
"...4115";"65";"69";"UK";2020-10-02;2020;39;11;6;0;17;"UK";"AgeGender"
"...4116";"70";"74";"UK";2020-10-02;2020;39;21;6;0;27;"UK";"AgeGender"
"...4117";"75";"79";"UK";2020-10-02;2020;39;15;15;0;30;"UK";"AgeGender"
"...4118";"80";"84";"UK";2020-10-02;2020;39;24;19;0;43;"UK";"AgeGender"
"...4119";"85";"89";"UK";2020-10-02;2020;39;22;20;0;42;"UK";"AgeGender"
"...4120";"90";NA;"UK";2020-10-02;2020;39;28;26;0;54;"UK";"AgeGender"
"...421";"0";"1";"UK";2020-10-09;2020;40;0;0;0;0;"UK";"AgeGender"
"...422";"1";"4";"UK";2020-10-09;2020;40;0;0;0;0;"UK";"AgeGender"
"...423";"5";"9";"UK";2020-10-09;2020;40;0;0;0;0;"UK";"AgeGender"
"...424";"10";"14";"UK";2020-10-09;2020;40;0;0;0;0;"UK";"AgeGender"
"...425";"15";"19";"UK";2020-10-09;2020;40;0;0;0;0;"UK";"AgeGender"
"...426";"20";"24";"UK";2020-10-09;2020;40;0;0;0;0;"UK";"AgeGender"
"...427";"25";"29";"UK";2020-10-09;2020;40;1;0;0;1;"UK";"AgeGender"
"...428";"30";"34";"UK";2020-10-09;2020;40;0;0;0;0;"UK";"AgeGender"
"...429";"35";"39";"UK";2020-10-09;2020;40;1;1;0;2;"UK";"AgeGender"
"...4210";"40";"44";"UK";2020-10-09;2020;40;2;0;0;2;"UK";"AgeGender"
"...4211";"45";"49";"UK";2020-10-09;2020;40;2;2;0;4;"UK";"AgeGender"
"...4212";"50";"54";"UK";2020-10-09;2020;40;2;2;0;4;"UK";"AgeGender"
"...4213";"55";"59";"UK";2020-10-09;2020;40;4;5;0;9;"UK";"AgeGender"
"...4214";"60";"64";"UK";2020-10-09;2020;40;7;6;0;13;"UK";"AgeGender"
"...4215";"65";"69";"UK";2020-10-09;2020;40;14;8;0;22;"UK";"AgeGender"
"...4216";"70";"74";"UK";2020-10-09;2020;40;34;19;0;53;"UK";"AgeGender"
"...4217";"75";"79";"UK";2020-10-09;2020;40;42;19;0;61;"UK";"AgeGender"
"...4218";"80";"84";"UK";2020-10-09;2020;40;49;30;0;79;"UK";"AgeGender"
"...4219";"85";"89";"UK";2020-10-09;2020;40;42;24;0;66;"UK";"AgeGender"
"...4220";"90";NA;"UK";2020-10-09;2020;40;34;34;0;68;"UK";"AgeGender"
"...431";"0";"1";"UK";2020-10-16;2020;41;0;0;0;0;"UK";"AgeGender"
"...432";"1";"4";"UK";2020-10-16;2020;41;0;0;0;0;"UK";"AgeGender"
"...433";"5";"9";"UK";2020-10-16;2020;41;0;0;0;0;"UK";"AgeGender"
"...434";"10";"14";"UK";2020-10-16;2020;41;0;0;0;0;"UK";"AgeGender"
"...435";"15";"19";"UK";2020-10-16;2020;41;0;0;0;0;"UK";"AgeGender"
"...436";"20";"24";"UK";2020-10-16;2020;41;1;0;0;1;"UK";"AgeGender"
"...437";"25";"29";"UK";2020-10-16;2020;41;0;0;0;0;"UK";"AgeGender"
"...438";"30";"34";"UK";2020-10-16;2020;41;2;1;0;3;"UK";"AgeGender"
"...439";"35";"39";"UK";2020-10-16;2020;41;0;0;0;0;"UK";"AgeGender"
"...4310";"40";"44";"UK";2020-10-16;2020;41;2;4;0;6;"UK";"AgeGender"
"...4311";"45";"49";"UK";2020-10-16;2020;41;3;1;0;4;"UK";"AgeGender"
"...4312";"50";"54";"UK";2020-10-16;2020;41;5;3;0;8;"UK";"AgeGender"
"...4313";"55";"59";"UK";2020-10-16;2020;41;9;2;0;11;"UK";"AgeGender"
"...4314";"60";"64";"UK";2020-10-16;2020;41;19;8;0;27;"UK";"AgeGender"
"...4315";"65";"69";"UK";2020-10-16;2020;41;21;13;0;34;"UK";"AgeGender"
"...4316";"70";"74";"UK";2020-10-16;2020;41;36;17;0;53;"UK";"AgeGender"
"...4317";"75";"79";"UK";2020-10-16;2020;41;61;28;0;89;"UK";"AgeGender"
"...4318";"80";"84";"UK";2020-10-16;2020;41;54;50;0;104;"UK";"AgeGender"
"...4319";"85";"89";"UK";2020-10-16;2020;41;50;49;0;99;"UK";"AgeGender"
"...4320";"90";NA;"UK";2020-10-16;2020;41;38;62;0;100;"UK";"AgeGender"
"...441";"0";"1";"UK";2020-10-23;2020;42;0;0;0;0;"UK";"AgeGender"
"...442";"1";"4";"UK";2020-10-23;2020;42;0;0;0;0;"UK";"AgeGender"
"...443";"5";"9";"UK";2020-10-23;2020;42;0;0;0;0;"UK";"AgeGender"
"...444";"10";"14";"UK";2020-10-23;2020;42;0;0;0;0;"UK";"AgeGender"
"...445";"15";"19";"UK";2020-10-23;2020;42;0;0;0;0;"UK";"AgeGender"
"...446";"20";"24";"UK";2020-10-23;2020;42;0;0;0;0;"UK";"AgeGender"
"...447";"25";"29";"UK";2020-10-23;2020;42;0;0;0;0;"UK";"AgeGender"
"...448";"30";"34";"UK";2020-10-23;2020;42;2;1;0;3;"UK";"AgeGender"
"...449";"35";"39";"UK";2020-10-23;2020;42;2;1;0;3;"UK";"AgeGender"
"...4410";"40";"44";"UK";2020-10-23;2020;42;2;0;0;2;"UK";"AgeGender"
"...4411";"45";"49";"UK";2020-10-23;2020;42;5;1;0;6;"UK";"AgeGender"
"...4412";"50";"54";"UK";2020-10-23;2020;42;7;4;0;11;"UK";"AgeGender"
"...4413";"55";"59";"UK";2020-10-23;2020;42;12;6;0;18;"UK";"AgeGender"
"...4414";"60";"64";"UK";2020-10-23;2020;42;25;11;0;36;"UK";"AgeGender"
"...4415";"65";"69";"UK";2020-10-23;2020;42;35;19;0;54;"UK";"AgeGender"
"...4416";"70";"74";"UK";2020-10-23;2020;42;59;30;0;89;"UK";"AgeGender"
"...4417";"75";"79";"UK";2020-10-23;2020;42;72;46;0;118;"UK";"AgeGender"
"...4418";"80";"84";"UK";2020-10-23;2020;42;91;62;0;153;"UK";"AgeGender"
"...4419";"85";"89";"UK";2020-10-23;2020;42;87;53;0;140;"UK";"AgeGender"
"...4420";"90";NA;"UK";2020-10-23;2020;42;59;94;0;153;"UK";"AgeGender"
"...451";"0";"1";"UK";2020-10-30;2020;43;0;0;0;0;"UK";"AgeGender"
"...452";"1";"4";"UK";2020-10-30;2020;43;0;0;0;0;"UK";"AgeGender"
"...453";"5";"9";"UK";2020-10-30;2020;43;0;0;0;0;"UK";"AgeGender"
"...454";"10";"14";"UK";2020-10-30;2020;43;0;0;0;0;"UK";"AgeGender"
"...455";"15";"19";"UK";2020-10-30;2020;43;0;0;0;0;"UK";"AgeGender"
"...456";"20";"24";"UK";2020-10-30;2020;43;0;0;0;0;"UK";"AgeGender"
"...457";"25";"29";"UK";2020-10-30;2020;43;0;0;0;0;"UK";"AgeGender"
"...458";"30";"34";"UK";2020-10-30;2020;43;2;0;0;2;"UK";"AgeGender"
"...459";"35";"39";"UK";2020-10-30;2020;43;2;1;0;3;"UK";"AgeGender"
"...4510";"40";"44";"UK";2020-10-30;2020;43;2;3;0;5;"UK";"AgeGender"
"...4511";"45";"49";"UK";2020-10-30;2020;43;8;3;0;11;"UK";"AgeGender"
"...4512";"50";"54";"UK";2020-10-30;2020;43;13;4;0;17;"UK";"AgeGender"
"...4513";"55";"59";"UK";2020-10-30;2020;43;20;14;0;34;"UK";"AgeGender"
"...4514";"60";"64";"UK";2020-10-30;2020;43;32;15;0;47;"UK";"AgeGender"
"...4515";"65";"69";"UK";2020-10-30;2020;43;57;36;0;93;"UK";"AgeGender"
"...4516";"70";"74";"UK";2020-10-30;2020;43;91;53;0;144;"UK";"AgeGender"
"...4517";"75";"79";"UK";2020-10-30;2020;43;135;86;0;221;"UK";"AgeGender"
"...4518";"80";"84";"UK";2020-10-30;2020;43;137;101;0;238;"UK";"AgeGender"
"...4519";"85";"89";"UK";2020-10-30;2020;43;148;102;0;250;"UK";"AgeGender"
"...4520";"90";NA;"UK";2020-10-30;2020;43;88;130;0;218;"UK";"AgeGender"
"...461";"0";"1";"UK";2020-11-06;2020;44;0;0;0;0;"UK";"AgeGender"
"...462";"1";"4";"UK";2020-11-06;2020;44;0;0;0;0;"UK";"AgeGender"
"...463";"5";"9";"UK";2020-11-06;2020;44;0;0;0;0;"UK";"AgeGender"
"...464";"10";"14";"UK";2020-11-06;2020;44;0;0;0;0;"UK";"AgeGender"
"...465";"15";"19";"UK";2020-11-06;2020;44;0;0;0;0;"UK";"AgeGender"
"...466";"20";"24";"UK";2020-11-06;2020;44;1;0;0;1;"UK";"AgeGender"
"...467";"25";"29";"UK";2020-11-06;2020;44;3;1;0;4;"UK";"AgeGender"
"...468";"30";"34";"UK";2020-11-06;2020;44;0;2;0;2;"UK";"AgeGender"
"...469";"35";"39";"UK";2020-11-06;2020;44;1;1;0;2;"UK";"AgeGender"
"...4610";"40";"44";"UK";2020-11-06;2020;44;3;2;0;5;"UK";"AgeGender"
"...4611";"45";"49";"UK";2020-11-06;2020;44;8;3;0;11;"UK";"AgeGender"
"...4612";"50";"54";"UK";2020-11-06;2020;44;15;13;0;28;"UK";"AgeGender"
"...4613";"55";"59";"UK";2020-11-06;2020;44;25;15;0;40;"UK";"AgeGender"
"...4614";"60";"64";"UK";2020-11-06;2020;44;51;18;0;69;"UK";"AgeGender"
"...4615";"65";"69";"UK";2020-11-06;2020;44;66;29;0;95;"UK";"AgeGender"
"...4616";"70";"74";"UK";2020-11-06;2020;44;119;55;0;174;"UK";"AgeGender"
"...4617";"75";"79";"UK";2020-11-06;2020;44;176;90;0;266;"UK";"AgeGender"
"...4618";"80";"84";"UK";2020-11-06;2020;44;200;145;0;345;"UK";"AgeGender"
"...4619";"85";"89";"UK";2020-11-06;2020;44;176;167;0;343;"UK";"AgeGender"
"...4620";"90";NA;"UK";2020-11-06;2020;44;155;178;0;333;"UK";"AgeGender"
"...471";"0";"1";"UK";2020-11-13;2020;45;0;0;0;0;"UK";"AgeGender"
"...472";"1";"4";"UK";2020-11-13;2020;45;0;0;0;0;"UK";"AgeGender"
"...473";"5";"9";"UK";2020-11-13;2020;45;0;0;0;0;"UK";"AgeGender"
"...474";"10";"14";"UK";2020-11-13;2020;45;0;1;0;1;"UK";"AgeGender"
"...475";"15";"19";"UK";2020-11-13;2020;45;0;0;0;0;"UK";"AgeGender"
"...476";"20";"24";"UK";2020-11-13;2020;45;1;1;0;2;"UK";"AgeGender"
"...477";"25";"29";"UK";2020-11-13;2020;45;0;0;0;0;"UK";"AgeGender"
"...478";"30";"34";"UK";2020-11-13;2020;45;1;0;0;1;"UK";"AgeGender"
"...479";"35";"39";"UK";2020-11-13;2020;45;2;0;0;2;"UK";"AgeGender"
"...4710";"40";"44";"UK";2020-11-13;2020;45;4;4;0;8;"UK";"AgeGender"
"...4711";"45";"49";"UK";2020-11-13;2020;45;12;13;0;25;"UK";"AgeGender"
"...4712";"50";"54";"UK";2020-11-13;2020;45;20;18;0;38;"UK";"AgeGender"
"...4713";"55";"59";"UK";2020-11-13;2020;45;30;19;0;49;"UK";"AgeGender"
"...4714";"60";"64";"UK";2020-11-13;2020;45;59;29;0;88;"UK";"AgeGender"
"...4715";"65";"69";"UK";2020-11-13;2020;45;94;51;0;145;"UK";"AgeGender"
"...4716";"70";"74";"UK";2020-11-13;2020;45;142;83;0;225;"UK";"AgeGender"
"...4717";"75";"79";"UK";2020-11-13;2020;45;193;127;0;320;"UK";"AgeGender"
"...4718";"80";"84";"UK";2020-11-13;2020;45;291;183;0;474;"UK";"AgeGender"
"...4719";"85";"89";"UK";2020-11-13;2020;45;229;193;0;422;"UK";"AgeGender"
"...4720";"90";NA;"UK";2020-11-13;2020;45;179;269;0;448;"UK";"AgeGender"
"...481";"0";"1";"UK";2020-11-20;2020;46;0;0;0;0;"UK";"AgeGender"
"...482";"1";"4";"UK";2020-11-20;2020;46;0;0;0;0;"UK";"AgeGender"
"...483";"5";"9";"UK";2020-11-20;2020;46;0;0;0;0;"UK";"AgeGender"
"...484";"10";"14";"UK";2020-11-20;2020;46;0;0;0;0;"UK";"AgeGender"
"...485";"15";"19";"UK";2020-11-20;2020;46;0;0;0;0;"UK";"AgeGender"
"...486";"20";"24";"UK";2020-11-20;2020;46;0;1;0;1;"UK";"AgeGender"
"...487";"25";"29";"UK";2020-11-20;2020;46;1;1;0;2;"UK";"AgeGender"
"...488";"30";"34";"UK";2020-11-20;2020;46;2;4;0;6;"UK";"AgeGender"
"...489";"35";"39";"UK";2020-11-20;2020;46;2;2;0;4;"UK";"AgeGender"
"...4810";"40";"44";"UK";2020-11-20;2020;46;8;7;0;15;"UK";"AgeGender"
"...4811";"45";"49";"UK";2020-11-20;2020;46;13;5;0;18;"UK";"AgeGender"
"...4812";"50";"54";"UK";2020-11-20;2020;46;27;15;0;42;"UK";"AgeGender"
"...4813";"55";"59";"UK";2020-11-20;2020;46;48;25;0;73;"UK";"AgeGender"
"...4814";"60";"64";"UK";2020-11-20;2020;46;61;48;0;109;"UK";"AgeGender"
"...4815";"65";"69";"UK";2020-11-20;2020;46;116;47;0;163;"UK";"AgeGender"
"...4816";"70";"74";"UK";2020-11-20;2020;46;187;106;0;293;"UK";"AgeGender"
"...4817";"75";"79";"UK";2020-11-20;2020;46;241;127;0;368;"UK";"AgeGender"
"...4818";"80";"84";"UK";2020-11-20;2020;46;295;221;0;516;"UK";"AgeGender"
"...4819";"85";"89";"UK";2020-11-20;2020;46;282;266;0;548;"UK";"AgeGender"
"...4820";"90";NA;"UK";2020-11-20;2020;46;216;295;0;511;"UK";"AgeGender"
"...491";"0";"1";"UK";2020-11-27;2020;47;0;0;0;0;"UK";"AgeGender"
"...492";"1";"4";"UK";2020-11-27;2020;47;0;0;0;0;"UK";"AgeGender"
"...493";"5";"9";"UK";2020-11-27;2020;47;0;0;0;0;"UK";"AgeGender"
"...494";"10";"14";"UK";2020-11-27;2020;47;0;0;0;0;"UK";"AgeGender"
"...495";"15";"19";"UK";2020-11-27;2020;47;1;0;0;1;"UK";"AgeGender"
"...496";"20";"24";"UK";2020-11-27;2020;47;0;1;0;1;"UK";"AgeGender"
"...497";"25";"29";"UK";2020-11-27;2020;47;0;2;0;2;"UK";"AgeGender"
"...498";"30";"34";"UK";2020-11-27;2020;47;3;1;0;4;"UK";"AgeGender"
"...499";"35";"39";"UK";2020-11-27;2020;47;3;5;0;8;"UK";"AgeGender"
"...4910";"40";"44";"UK";2020-11-27;2020;47;2;4;0;6;"UK";"AgeGender"
"...4911";"45";"49";"UK";2020-11-27;2020;47;13;4;0;17;"UK";"AgeGender"
"...4912";"50";"54";"UK";2020-11-27;2020;47;21;15;0;36;"UK";"AgeGender"
"...4913";"55";"59";"UK";2020-11-27;2020;47;49;26;0;75;"UK";"AgeGender"
"...4914";"60";"64";"UK";2020-11-27;2020;47;70;29;0;99;"UK";"AgeGender"
"...4915";"65";"69";"UK";2020-11-27;2020;47;113;49;0;162;"UK";"AgeGender"
"...4916";"70";"74";"UK";2020-11-27;2020;47;184;100;0;284;"UK";"AgeGender"
"...4917";"75";"79";"UK";2020-11-27;2020;47;275;171;0;446;"UK";"AgeGender"
"...4918";"80";"84";"UK";2020-11-27;2020;47;327;239;0;566;"UK";"AgeGender"
"...4919";"85";"89";"UK";2020-11-27;2020;47;343;269;0;612;"UK";"AgeGender"
"...4920";"90";NA;"UK";2020-11-27;2020;47;250;366;0;616;"UK";"AgeGender"
"...501";"0";"1";"UK";2020-12-04;2020;48;0;0;0;0;"UK";"AgeGender"
"...502";"1";"4";"UK";2020-12-04;2020;48;0;0;0;0;"UK";"AgeGender"
"...503";"5";"9";"UK";2020-12-04;2020;48;0;0;0;0;"UK";"AgeGender"
"...504";"10";"14";"UK";2020-12-04;2020;48;1;0;0;1;"UK";"AgeGender"
"...505";"15";"19";"UK";2020-12-04;2020;48;0;0;0;0;"UK";"AgeGender"
"...506";"20";"24";"UK";2020-12-04;2020;48;1;0;0;1;"UK";"AgeGender"
"...507";"25";"29";"UK";2020-12-04;2020;48;0;1;0;1;"UK";"AgeGender"
"...508";"30";"34";"UK";2020-12-04;2020;48;3;2;0;5;"UK";"AgeGender"
"...509";"35";"39";"UK";2020-12-04;2020;48;7;3;0;10;"UK";"AgeGender"
"...5010";"40";"44";"UK";2020-12-04;2020;48;6;4;0;10;"UK";"AgeGender"
"...5011";"45";"49";"UK";2020-12-04;2020;48;15;12;0;27;"UK";"AgeGender"
"...5012";"50";"54";"UK";2020-12-04;2020;48;32;11;0;43;"UK";"AgeGender"
"...5013";"55";"59";"UK";2020-12-04;2020;48;47;25;0;72;"UK";"AgeGender"
"...5014";"60";"64";"UK";2020-12-04;2020;48;77;40;0;117;"UK";"AgeGender"
"...5015";"65";"69";"UK";2020-12-04;2020;48;110;61;0;171;"UK";"AgeGender"
"...5016";"70";"74";"UK";2020-12-04;2020;48;213;108;0;321;"UK";"AgeGender"
"...5017";"75";"79";"UK";2020-12-04;2020;48;270;176;0;446;"UK";"AgeGender"
"...5018";"80";"84";"UK";2020-12-04;2020;48;337;235;0;572;"UK";"AgeGender"
"...5019";"85";"89";"UK";2020-12-04;2020;48;345;290;0;635;"UK";"AgeGender"
"...5020";"90";NA;"UK";2020-12-04;2020;48;274;400;0;674;"UK";"AgeGender"
"...51110";"0";"1";"UK";2020-12-11;2020;49;0;0;0;0;"UK";"AgeGender"
"...5121";"1";"4";"UK";2020-12-11;2020;49;0;0;0;0;"UK";"AgeGender"
"...5131";"5";"9";"UK";2020-12-11;2020;49;0;0;0;0;"UK";"AgeGender"
"...5141";"10";"14";"UK";2020-12-11;2020;49;0;0;0;0;"UK";"AgeGender"
"...5151";"15";"19";"UK";2020-12-11;2020;49;0;0;0;0;"UK";"AgeGender"
"...5161";"20";"24";"UK";2020-12-11;2020;49;0;1;0;1;"UK";"AgeGender"
"...5171";"25";"29";"UK";2020-12-11;2020;49;2;1;0;3;"UK";"AgeGender"
"...5181";"30";"34";"UK";2020-12-11;2020;49;1;1;0;2;"UK";"AgeGender"
"...5191";"35";"39";"UK";2020-12-11;2020;49;5;0;0;5;"UK";"AgeGender"
"...5110";"40";"44";"UK";2020-12-11;2020;49;10;8;0;18;"UK";"AgeGender"
"...5111";"45";"49";"UK";2020-12-11;2020;49;11;8;0;19;"UK";"AgeGender"
"...5112";"50";"54";"UK";2020-12-11;2020;49;22;14;0;36;"UK";"AgeGender"
"...5113";"55";"59";"UK";2020-12-11;2020;49;40;27;0;67;"UK";"AgeGender"
"...5114";"60";"64";"UK";2020-12-11;2020;49;79;28;0;107;"UK";"AgeGender"
"...5115";"65";"69";"UK";2020-12-11;2020;49;116;67;0;183;"UK";"AgeGender"
"...5116";"70";"74";"UK";2020-12-11;2020;49;184;105;0;289;"UK";"AgeGender"
"...5117";"75";"79";"UK";2020-12-11;2020;49;261;176;0;437;"UK";"AgeGender"
"...5118";"80";"84";"UK";2020-12-11;2020;49;331;204;0;535;"UK";"AgeGender"
"...5119";"85";"89";"UK";2020-12-11;2020;49;326;287;0;613;"UK";"AgeGender"
"...5120";"90";NA;"UK";2020-12-11;2020;49;292;357;0;649;"UK";"AgeGender"
"...521";"0";"1";"UK";2020-12-18;2020;50;0;0;0;0;"UK";"AgeGender"
"...522";"1";"4";"UK";2020-12-18;2020;50;0;0;0;0;"UK";"AgeGender"
"...523";"5";"9";"UK";2020-12-18;2020;50;0;0;0;0;"UK";"AgeGender"
"...524";"10";"14";"UK";2020-12-18;2020;50;1;0;0;1;"UK";"AgeGender"
"...525";"15";"19";"UK";2020-12-18;2020;50;1;1;0;2;"UK";"AgeGender"
"...526";"20";"24";"UK";2020-12-18;2020;50;0;1;0;1;"UK";"AgeGender"
"...527";"25";"29";"UK";2020-12-18;2020;50;1;1;0;2;"UK";"AgeGender"
"...528";"30";"34";"UK";2020-12-18;2020;50;1;1;0;2;"UK";"AgeGender"
"...529";"35";"39";"UK";2020-12-18;2020;50;5;5;0;10;"UK";"AgeGender"
"...5210";"40";"44";"UK";2020-12-18;2020;50;7;3;0;10;"UK";"AgeGender"
"...5211";"45";"49";"UK";2020-12-18;2020;50;15;9;0;24;"UK";"AgeGender"
"...5212";"50";"54";"UK";2020-12-18;2020;50;24;16;0;40;"UK";"AgeGender"
"...5213";"55";"59";"UK";2020-12-18;2020;50;44;28;0;72;"UK";"AgeGender"
"...5214";"60";"64";"UK";2020-12-18;2020;50;81;53;0;134;"UK";"AgeGender"
"...5215";"65";"69";"UK";2020-12-18;2020;50;109;58;0;167;"UK";"AgeGender"
"...5216";"70";"74";"UK";2020-12-18;2020;50;149;102;0;251;"UK";"AgeGender"
"...5217";"75";"79";"UK";2020-12-18;2020;50;251;164;0;415;"UK";"AgeGender"
"...5218";"80";"84";"UK";2020-12-18;2020;50;293;216;0;509;"UK";"AgeGender"
"...5219";"85";"89";"UK";2020-12-18;2020;50;323;286;0;609;"UK";"AgeGender"
"...5220";"90";NA;"UK";2020-12-18;2020;50;282;385;0;667;"UK";"AgeGender"
"...531";"0";"1";"UK";2020-12-25;2020;51;0;0;0;0;"UK";"AgeGender"
"...532";"1";"4";"UK";2020-12-25;2020;51;0;0;0;0;"UK";"AgeGender"
"...533";"5";"9";"UK";2020-12-25;2020;51;0;0;0;0;"UK";"AgeGender"
"...534";"10";"14";"UK";2020-12-25;2020;51;0;0;0;0;"UK";"AgeGender"
"...535";"15";"19";"UK";2020-12-25;2020;51;0;0;0;0;"UK";"AgeGender"
"...536";"20";"24";"UK";2020-12-25;2020;51;0;0;0;0;"UK";"AgeGender"
"...537";"25";"29";"UK";2020-12-25;2020;51;0;0;0;0;"UK";"AgeGender"
"...538";"30";"34";"UK";2020-12-25;2020;51;1;0;0;1;"UK";"AgeGender"
"...539";"35";"39";"UK";2020-12-25;2020;51;3;1;0;4;"UK";"AgeGender"
"...5310";"40";"44";"UK";2020-12-25;2020;51;5;8;0;13;"UK";"AgeGender"
"...5311";"45";"49";"UK";2020-12-25;2020;51;13;10;0;23;"UK";"AgeGender"
"...5312";"50";"54";"UK";2020-12-25;2020;51;26;22;0;48;"UK";"AgeGender"
"...5313";"55";"59";"UK";2020-12-25;2020;51;46;40;0;86;"UK";"AgeGender"
"...5314";"60";"64";"UK";2020-12-25;2020;51;67;45;0;112;"UK";"AgeGender"
"...5315";"65";"69";"UK";2020-12-25;2020;51;109;67;0;176;"UK";"AgeGender"
"...5316";"70";"74";"UK";2020-12-25;2020;51;189;109;0;298;"UK";"AgeGender"
"...5317";"75";"79";"UK";2020-12-25;2020;51;259;169;0;428;"UK";"AgeGender"
"...5318";"80";"84";"UK";2020-12-25;2020;51;362;280;0;642;"UK";"AgeGender"
"...5319";"85";"89";"UK";2020-12-25;2020;51;366;330;0;696;"UK";"AgeGender"
"...5320";"90";NA;"UK";2020-12-25;2020;51;330;447;0;777;"UK";"AgeGender"
"...541";"0";"1";"UK";NA;2020;52;0;0;0;0;"UK";"AgeGender"
"...542";"1";"4";"UK";NA;2020;52;0;0;0;0;"UK";"AgeGender"
"...543";"5";"9";"UK";NA;2020;52;0;0;0;0;"UK";"AgeGender"
"...544";"10";"14";"UK";NA;2020;52;0;0;0;0;"UK";"AgeGender"
"...545";"15";"19";"UK";NA;2020;52;0;0;0;0;"UK";"AgeGender"
"...546";"20";"24";"UK";NA;2020;52;0;1;0;1;"UK";"AgeGender"
"...547";"25";"29";"UK";NA;2020;52;5;1;0;6;"UK";"AgeGender"
"...548";"30";"34";"UK";NA;2020;52;4;2;0;6;"UK";"AgeGender"
"...549";"35";"39";"UK";NA;2020;52;2;2;0;4;"UK";"AgeGender"
"...5410";"40";"44";"UK";NA;2020;52;7;9;0;16;"UK";"AgeGender"
"...5411";"45";"49";"UK";NA;2020;52;23;9;0;32;"UK";"AgeGender"
"...5412";"50";"54";"UK";NA;2020;52;40;27;0;67;"UK";"AgeGender"
"...5413";"55";"59";"UK";NA;2020;52;56;43;0;99;"UK";"AgeGender"
"...5414";"60";"64";"UK";NA;2020;52;90;52;0;142;"UK";"AgeGender"
"...5415";"65";"69";"UK";NA;2020;52;143;86;0;229;"UK";"AgeGender"
"...5416";"70";"74";"UK";NA;2020;52;238;156;0;394;"UK";"AgeGender"
"...5417";"75";"79";"UK";NA;2020;52;309;188;0;497;"UK";"AgeGender"
"...5418";"80";"84";"UK";NA;2020;52;409;293;0;702;"UK";"AgeGender"
"...5419";"85";"89";"UK";NA;2020;52;408;391;0;799;"UK";"AgeGender"
"...5420";"90";NA;"UK";NA;2020;52;375;482;0;857;"UK";"AgeGender"
"...551";"0";"1";"UK";NA;2020;53;0;0;0;0;"UK";"AgeGender"
"...552";"1";"4";"UK";NA;2020;53;0;0;0;0;"UK";"AgeGender"
"...553";"5";"9";"UK";NA;2020;53;0;2;0;2;"UK";"AgeGender"
"...554";"10";"14";"UK";NA;2020;53;0;0;0;0;"UK";"AgeGender"
"...555";"15";"19";"UK";NA;2020;53;0;0;0;0;"UK";"AgeGender"
"...556";"20";"24";"UK";NA;2020;53;0;2;0;2;"UK";"AgeGender"
"...557";"25";"29";"UK";NA;2020;53;3;2;0;5;"UK";"AgeGender"
"...558";"30";"34";"UK";NA;2020;53;10;2;0;12;"UK";"AgeGender"
"...559";"35";"39";"UK";NA;2020;53;10;9;0;19;"UK";"AgeGender"
"...5510";"40";"44";"UK";NA;2020;53;13;7;0;20;"UK";"AgeGender"
"...5511";"45";"49";"UK";NA;2020;53;26;20;0;46;"UK";"AgeGender"
"...5512";"50";"54";"UK";NA;2020;53;45;35;0;80;"UK";"AgeGender"
"...5513";"55";"59";"UK";NA;2020;53;89;48;0;137;"UK";"AgeGender"
"...5514";"60";"64";"UK";NA;2020;53;155;84;0;239;"UK";"AgeGender"
"...5515";"65";"69";"UK";NA;2020;53;162;112;0;274;"UK";"AgeGender"
"...5516";"70";"74";"UK";NA;2020;53;276;191;0;467;"UK";"AgeGender"
"...5517";"75";"79";"UK";NA;2020;53;391;268;0;659;"UK";"AgeGender"
"...5518";"80";"84";"UK";NA;2020;53;492;410;0;902;"UK";"AgeGender"
"...5519";"85";"89";"UK";NA;2020;53;541;452;0;993;"UK";"AgeGender"
"...5520";"90";NA;"UK";NA;2020;53;413;603;0;1016;"UK";"AgeGender"
"...561";"0";"1";"UK";2021-01-08;2021;1;0;0;0;0;"UK";"AgeGender"
"...562";"1";"4";"UK";2021-01-08;2021;1;0;0;0;0;"UK";"AgeGender"
"...563";"5";"9";"UK";2021-01-08;2021;1;0;0;0;0;"UK";"AgeGender"
"...564";"10";"14";"UK";2021-01-08;2021;1;0;0;0;0;"UK";"AgeGender"
"...565";"15";"19";"UK";2021-01-08;2021;1;2;2;0;4;"UK";"AgeGender"
"...566";"20";"24";"UK";2021-01-08;2021;1;4;2;0;6;"UK";"AgeGender"
"...567";"25";"29";"UK";2021-01-08;2021;1;6;2;0;8;"UK";"AgeGender"
"...568";"30";"34";"UK";2021-01-08;2021;1;8;4;0;12;"UK";"AgeGender"
"...569";"35";"39";"UK";2021-01-08;2021;1;18;11;0;29;"UK";"AgeGender"
"...5610";"40";"44";"UK";2021-01-08;2021;1;16;14;0;30;"UK";"AgeGender"
"...5611";"45";"49";"UK";2021-01-08;2021;1;42;23;0;65;"UK";"AgeGender"
"...5612";"50";"54";"UK";2021-01-08;2021;1;77;49;0;126;"UK";"AgeGender"
"...5613";"55";"59";"UK";2021-01-08;2021;1;123;85;0;208;"UK";"AgeGender"
"...5614";"60";"64";"UK";2021-01-08;2021;1;196;99;0;295;"UK";"AgeGender"
"...5615";"65";"69";"UK";2021-01-08;2021;1;208;163;0;371;"UK";"AgeGender"
"...5616";"70";"74";"UK";2021-01-08;2021;1;382;246;0;628;"UK";"AgeGender"
"...5617";"75";"79";"UK";2021-01-08;2021;1;433;325;0;758;"UK";"AgeGender"
"...5618";"80";"84";"UK";2021-01-08;2021;1;626;491;0;1117;"UK";"AgeGender"
"...5619";"85";"89";"UK";2021-01-08;2021;1;604;589;0;1193;"UK";"AgeGender"
"...5620";"90";NA;"UK";2021-01-08;2021;1;535;735;0;1270;"UK";"AgeGender"
"...571";"0";"1";"UK";2021-01-15;2021;2;0;0;0;0;"UK";"AgeGender"
"...572";"1";"4";"UK";2021-01-15;2021;2;0;0;0;0;"UK";"AgeGender"
"...573";"5";"9";"UK";2021-01-15;2021;2;0;0;0;0;"UK";"AgeGender"
"...574";"10";"14";"UK";2021-01-15;2021;2;0;0;0;0;"UK";"AgeGender"
"...575";"15";"19";"UK";2021-01-15;2021;2;0;1;0;1;"UK";"AgeGender"
"...576";"20";"24";"UK";2021-01-15;2021;2;1;2;0;3;"UK";"AgeGender"
"...577";"25";"29";"UK";2021-01-15;2021;2;3;0;0;3;"UK";"AgeGender"
"...578";"30";"34";"UK";2021-01-15;2021;2;7;4;0;11;"UK";"AgeGender"
"...579";"35";"39";"UK";2021-01-15;2021;2;16;12;0;28;"UK";"AgeGender"
"...5710";"40";"44";"UK";2021-01-15;2021;2;33;17;0;50;"UK";"AgeGender"
"...5711";"45";"49";"UK";2021-01-15;2021;2;55;42;0;97;"UK";"AgeGender"
"...5712";"50";"54";"UK";2021-01-15;2021;2;84;61;0;145;"UK";"AgeGender"
"...5713";"55";"59";"UK";2021-01-15;2021;2;156;85;0;241;"UK";"AgeGender"
"...5714";"60";"64";"UK";2021-01-15;2021;2;224;145;0;369;"UK";"AgeGender"
"...5715";"65";"69";"UK";2021-01-15;2021;2;306;180;0;486;"UK";"AgeGender"
"...5716";"70";"74";"UK";2021-01-15;2021;2;458;309;0;767;"UK";"AgeGender"
"...5717";"75";"79";"UK";2021-01-15;2021;2;650;433;0;1083;"UK";"AgeGender"
"...5718";"80";"84";"UK";2021-01-15;2021;2;805;613;0;1418;"UK";"AgeGender"
"...5719";"85";"89";"UK";2021-01-15;2021;2;789;784;0;1573;"UK";"AgeGender"
"...5720";"90";NA;"UK";2021-01-15;2021;2;728;1133;0;1861;"UK";"AgeGender"
"...581";"0";"1";"UK";2021-01-22;2021;3;0;0;0;0;"UK";"AgeGender"
"...582";"1";"4";"UK";2021-01-22;2021;3;0;0;0;0;"UK";"AgeGender"
"...583";"5";"9";"UK";2021-01-22;2021;3;0;0;0;0;"UK";"AgeGender"
"...584";"10";"14";"UK";2021-01-22;2021;3;0;0;0;0;"UK";"AgeGender"
"...585";"15";"19";"UK";2021-01-22;2021;3;0;0;0;0;"UK";"AgeGender"
"...586";"20";"24";"UK";2021-01-22;2021;3;1;0;0;1;"UK";"AgeGender"
"...587";"25";"29";"UK";2021-01-22;2021;3;4;7;0;11;"UK";"AgeGender"
"...588";"30";"34";"UK";2021-01-22;2021;3;8;4;0;12;"UK";"AgeGender"
"...589";"35";"39";"UK";2021-01-22;2021;3;24;8;0;32;"UK";"AgeGender"
"...5810";"40";"44";"UK";2021-01-22;2021;3;33;18;0;51;"UK";"AgeGender"
"...5811";"45";"49";"UK";2021-01-22;2021;3;58;36;0;94;"UK";"AgeGender"
"...5812";"50";"54";"UK";2021-01-22;2021;3;109;56;0;165;"UK";"AgeGender"
"...5813";"55";"59";"UK";2021-01-22;2021;3;160;110;0;270;"UK";"AgeGender"
"...5814";"60";"64";"UK";2021-01-22;2021;3;252;139;0;391;"UK";"AgeGender"
"...5815";"65";"69";"UK";2021-01-22;2021;3;326;210;0;536;"UK";"AgeGender"
"...5816";"70";"74";"UK";2021-01-22;2021;3;545;337;0;882;"UK";"AgeGender"
"...5817";"75";"79";"UK";2021-01-22;2021;3;690;473;0;1163;"UK";"AgeGender"
"...5818";"80";"84";"UK";2021-01-22;2021;3;823;750;0;1573;"UK";"AgeGender"
"...5819";"85";"89";"UK";2021-01-22;2021;3;857;900;0;1757;"UK";"AgeGender"
"...5820";"90";NA;"UK";2021-01-22;2021;3;778;1268;0;2046;"UK";"AgeGender"
"...591";"0";"1";"UK";2021-01-29;2021;4;0;0;0;0;"UK";"AgeGender"
"...592";"1";"4";"UK";2021-01-29;2021;4;0;0;0;0;"UK";"AgeGender"
"...593";"5";"9";"UK";2021-01-29;2021;4;0;0;0;0;"UK";"AgeGender"
"...594";"10";"14";"UK";2021-01-29;2021;4;0;0;0;0;"UK";"AgeGender"
"...595";"15";"19";"UK";2021-01-29;2021;4;0;0;0;0;"UK";"AgeGender"
"...596";"20";"24";"UK";2021-01-29;2021;4;2;1;0;3;"UK";"AgeGender"
"...597";"25";"29";"UK";2021-01-29;2021;4;1;2;0;3;"UK";"AgeGender"
"...598";"30";"34";"UK";2021-01-29;2021;4;11;9;0;20;"UK";"AgeGender"
"...599";"35";"39";"UK";2021-01-29;2021;4;17;9;0;26;"UK";"AgeGender"
"...5910";"40";"44";"UK";2021-01-29;2021;4;21;15;0;36;"UK";"AgeGender"
"...5911";"45";"49";"UK";2021-01-29;2021;4;54;23;0;77;"UK";"AgeGender"
"...5912";"50";"54";"UK";2021-01-29;2021;4;81;70;0;151;"UK";"AgeGender"
"...5913";"55";"59";"UK";2021-01-29;2021;4;158;80;0;238;"UK";"AgeGender"
"...5914";"60";"64";"UK";2021-01-29;2021;4;233;133;0;366;"UK";"AgeGender"
"...5915";"65";"69";"UK";2021-01-29;2021;4;287;184;0;471;"UK";"AgeGender"
"...5916";"70";"74";"UK";2021-01-29;2021;4;416;301;0;717;"UK";"AgeGender"
"...5917";"75";"79";"UK";2021-01-29;2021;4;579;419;0;998;"UK";"AgeGender"
"...5918";"80";"84";"UK";2021-01-29;2021;4;719;604;0;1323;"UK";"AgeGender"
"...5919";"85";"89";"UK";2021-01-29;2021;4;755;841;0;1596;"UK";"AgeGender"
"...5920";"90";NA;"UK";2021-01-29;2021;4;714;1186;0;1900;"UK";"AgeGender"
"...601";"0";"1";"UK";2021-02-05;2021;5;0;0;0;0;"UK";"AgeGender"
"...602";"1";"4";"UK";2021-02-05;2021;5;0;0;0;0;"UK";"AgeGender"
"...603";"5";"9";"UK";2021-02-05;2021;5;0;0;0;0;"UK";"AgeGender"
"...604";"10";"14";"UK";2021-02-05;2021;5;0;0;0;0;"UK";"AgeGender"
"...605";"15";"19";"UK";2021-02-05;2021;5;4;0;0;4;"UK";"AgeGender"
"...606";"20";"24";"UK";2021-02-05;2021;5;1;1;0;2;"UK";"AgeGender"
"...607";"25";"29";"UK";2021-02-05;2021;5;3;3;0;6;"UK";"AgeGender"
"...608";"30";"34";"UK";2021-02-05;2021;5;8;6;0;14;"UK";"AgeGender"
"...609";"35";"39";"UK";2021-02-05;2021;5;16;11;0;27;"UK";"AgeGender"
"...6010";"40";"44";"UK";2021-02-05;2021;5;24;18;0;42;"UK";"AgeGender"
"...6011";"45";"49";"UK";2021-02-05;2021;5;46;37;0;83;"UK";"AgeGender"
"...6012";"50";"54";"UK";2021-02-05;2021;5;89;48;0;137;"UK";"AgeGender"
"...6013";"55";"59";"UK";2021-02-05;2021;5;122;55;0;177;"UK";"AgeGender"
"...6014";"60";"64";"UK";2021-02-05;2021;5;187;108;0;295;"UK";"AgeGender"
"...6015";"65";"69";"UK";2021-02-05;2021;5;244;131;0;375;"UK";"AgeGender"
"...6016";"70";"74";"UK";2021-02-05;2021;5;374;209;0;583;"UK";"AgeGender"
"...6017";"75";"79";"UK";2021-02-05;2021;5;458;323;0;781;"UK";"AgeGender"
"...6018";"80";"84";"UK";2021-02-05;2021;5;558;458;0;1016;"UK";"AgeGender"
"...6019";"85";"89";"UK";2021-02-05;2021;5;585;589;0;1174;"UK";"AgeGender"
"...6020";"90";NA;"UK";2021-02-05;2021;5;525;902;0;1427;"UK";"AgeGender"
"...61110";"0";"1";"UK";2021-02-12;2021;6;0;0;0;0;"UK";"AgeGender"
"...6121";"1";"4";"UK";2021-02-12;2021;6;0;0;0;0;"UK";"AgeGender"
"...6131";"5";"9";"UK";2021-02-12;2021;6;0;0;0;0;"UK";"AgeGender"
"...6141";"10";"14";"UK";2021-02-12;2021;6;0;0;0;0;"UK";"AgeGender"
"...6151";"15";"19";"UK";2021-02-12;2021;6;0;0;0;0;"UK";"AgeGender"
"...6161";"20";"24";"UK";2021-02-12;2021;6;3;1;0;4;"UK";"AgeGender"
"...6171";"25";"29";"UK";2021-02-12;2021;6;2;1;0;3;"UK";"AgeGender"
"...6181";"30";"34";"UK";2021-02-12;2021;6;5;5;0;10;"UK";"AgeGender"
"...6191";"35";"39";"UK";2021-02-12;2021;6;10;2;0;12;"UK";"AgeGender"
"...6110";"40";"44";"UK";2021-02-12;2021;6;10;6;0;16;"UK";"AgeGender"
"...6111";"45";"49";"UK";2021-02-12;2021;6;32;22;0;54;"UK";"AgeGender"
"...6112";"50";"54";"UK";2021-02-12;2021;6;67;38;0;105;"UK";"AgeGender"
"...6113";"55";"59";"UK";2021-02-12;2021;6;114;50;0;164;"UK";"AgeGender"
"...6114";"60";"64";"UK";2021-02-12;2021;6;168;82;0;250;"UK";"AgeGender"
"...6115";"65";"69";"UK";2021-02-12;2021;6;214;135;0;349;"UK";"AgeGender"
"...6116";"70";"74";"UK";2021-02-12;2021;6;279;173;0;452;"UK";"AgeGender"
"...6117";"75";"79";"UK";2021-02-12;2021;6;347;240;0;587;"UK";"AgeGender"
"...6118";"80";"84";"UK";2021-02-12;2021;6;383;354;0;737;"UK";"AgeGender"
"...6119";"85";"89";"UK";2021-02-12;2021;6;422;417;0;839;"UK";"AgeGender"
"...6120";"90";NA;"UK";2021-02-12;2021;6;388;612;0;1000;"UK";"AgeGender"
"...621";"0";"1";"UK";2021-02-19;2021;7;0;0;0;0;"UK";"AgeGender"
"...622";"1";"4";"UK";2021-02-19;2021;7;0;0;0;0;"UK";"AgeGender"
"...623";"5";"9";"UK";2021-02-19;2021;7;0;0;0;0;"UK";"AgeGender"
"...624";"10";"14";"UK";2021-02-19;2021;7;0;1;0;1;"UK";"AgeGender"
"...625";"15";"19";"UK";2021-02-19;2021;7;0;0;0;0;"UK";"AgeGender"
"...626";"20";"24";"UK";2021-02-19;2021;7;1;0;0;1;"UK";"AgeGender"
"...627";"25";"29";"UK";2021-02-19;2021;7;2;4;0;6;"UK";"AgeGender"
"...628";"30";"34";"UK";2021-02-19;2021;7;5;1;0;6;"UK";"AgeGender"
"...629";"35";"39";"UK";2021-02-19;2021;7;3;9;0;12;"UK";"AgeGender"
"...6210";"40";"44";"UK";2021-02-19;2021;7;13;11;0;24;"UK";"AgeGender"
"...6211";"45";"49";"UK";2021-02-19;2021;7;20;16;0;36;"UK";"AgeGender"
"...6212";"50";"54";"UK";2021-02-19;2021;7;37;31;0;68;"UK";"AgeGender"
"...6213";"55";"59";"UK";2021-02-19;2021;7;88;54;0;142;"UK";"AgeGender"
"...6214";"60";"64";"UK";2021-02-19;2021;7;151;69;0;220;"UK";"AgeGender"
"...6215";"65";"69";"UK";2021-02-19;2021;7;173;97;0;270;"UK";"AgeGender"
"...6216";"70";"74";"UK";2021-02-19;2021;7;222;133;0;355;"UK";"AgeGender"
"...6217";"75";"79";"UK";2021-02-19;2021;7;268;192;0;460;"UK";"AgeGender"
"...6218";"80";"84";"UK";2021-02-19;2021;7;291;220;0;511;"UK";"AgeGender"
"...6219";"85";"89";"UK";2021-02-19;2021;7;304;302;0;606;"UK";"AgeGender"
"...6220";"90";NA;"UK";2021-02-19;2021;7;275;473;0;748;"UK";"AgeGender"
"...631";"0";"1";"UK";2021-02-26;2021;8;0;0;0;0;"UK";"AgeGender"
"...632";"1";"4";"UK";2021-02-26;2021;8;0;0;0;0;"UK";"AgeGender"
"...633";"5";"9";"UK";2021-02-26;2021;8;0;0;0;0;"UK";"AgeGender"
"...634";"10";"14";"UK";2021-02-26;2021;8;0;0;0;0;"UK";"AgeGender"
"...635";"15";"19";"UK";2021-02-26;2021;8;0;0;0;0;"UK";"AgeGender"
"...636";"20";"24";"UK";2021-02-26;2021;8;1;0;0;1;"UK";"AgeGender"
"...637";"25";"29";"UK";2021-02-26;2021;8;2;2;0;4;"UK";"AgeGender"
"...638";"30";"34";"UK";2021-02-26;2021;8;3;2;0;5;"UK";"AgeGender"
"...639";"35";"39";"UK";2021-02-26;2021;8;5;9;0;14;"UK";"AgeGender"
"...6310";"40";"44";"UK";2021-02-26;2021;8;12;6;0;18;"UK";"AgeGender"
"...6311";"45";"49";"UK";2021-02-26;2021;8;14;12;0;26;"UK";"AgeGender"
"...6312";"50";"54";"UK";2021-02-26;2021;8;28;24;0;52;"UK";"AgeGender"
"...6313";"55";"59";"UK";2021-02-26;2021;8;50;43;0;93;"UK";"AgeGender"
"...6314";"60";"64";"UK";2021-02-26;2021;8;107;50;0;157;"UK";"AgeGender"
"...6315";"65";"69";"UK";2021-02-26;2021;8;113;67;0;180;"UK";"AgeGender"
"...6316";"70";"74";"UK";2021-02-26;2021;8;147;94;0;241;"UK";"AgeGender"
"...6317";"75";"79";"UK";2021-02-26;2021;8;167;120;0;287;"UK";"AgeGender"
"...6318";"80";"84";"UK";2021-02-26;2021;8;198;156;0;354;"UK";"AgeGender"
"...6319";"85";"89";"UK";2021-02-26;2021;8;215;231;0;446;"UK";"AgeGender"
"...6320";"90";NA;"UK";2021-02-26;2021;8;186;299;0;485;"UK";"AgeGender"
"...641";"0";"1";"UK";2021-03-05;2021;9;0;0;0;0;"UK";"AgeGender"
"...642";"1";"4";"UK";2021-03-05;2021;9;0;0;0;0;"UK";"AgeGender"
"...643";"5";"9";"UK";2021-03-05;2021;9;0;0;0;0;"UK";"AgeGender"
"...644";"10";"14";"UK";2021-03-05;2021;9;0;0;0;0;"UK";"AgeGender"
"...645";"15";"19";"UK";2021-03-05;2021;9;1;0;0;1;"UK";"AgeGender"
"...646";"20";"24";"UK";2021-03-05;2021;9;0;0;0;0;"UK";"AgeGender"
"...647";"25";"29";"UK";2021-03-05;2021;9;2;1;0;3;"UK";"AgeGender"
"...648";"30";"34";"UK";2021-03-05;2021;9;4;1;0;5;"UK";"AgeGender"
"...649";"35";"39";"UK";2021-03-05;2021;9;2;3;0;5;"UK";"AgeGender"
"...6410";"40";"44";"UK";2021-03-05;2021;9;3;4;0;7;"UK";"AgeGender"
"...6411";"45";"49";"UK";2021-03-05;2021;9;14;8;0;22;"UK";"AgeGender"
"...6412";"50";"54";"UK";2021-03-05;2021;9;24;22;0;46;"UK";"AgeGender"
"...6413";"55";"59";"UK";2021-03-05;2021;9;41;23;0;64;"UK";"AgeGender"
"...6414";"60";"64";"UK";2021-03-05;2021;9;73;43;0;116;"UK";"AgeGender"
"...6415";"65";"69";"UK";2021-03-05;2021;9;93;57;0;150;"UK";"AgeGender"
"...6416";"70";"74";"UK";2021-03-05;2021;9;95;50;0;145;"UK";"AgeGender"
"...6417";"75";"79";"UK";2021-03-05;2021;9;135;69;0;204;"UK";"AgeGender"
"...6418";"80";"84";"UK";2021-03-05;2021;9;147;109;0;256;"UK";"AgeGender"
"...6419";"85";"89";"UK";2021-03-05;2021;9;133;150;0;283;"UK";"AgeGender"
"...6420";"90";NA;"UK";2021-03-05;2021;9;123;183;0;306;"UK";"AgeGender"
"...651";"0";"1";"UK";2021-03-12;2021;10;0;0;0;0;"UK";"AgeGender"
"...652";"1";"4";"UK";2021-03-12;2021;10;0;0;0;0;"UK";"AgeGender"
"...653";"5";"9";"UK";2021-03-12;2021;10;0;0;0;0;"UK";"AgeGender"
"...654";"10";"14";"UK";2021-03-12;2021;10;0;1;0;1;"UK";"AgeGender"
"...655";"15";"19";"UK";2021-03-12;2021;10;0;0;0;0;"UK";"AgeGender"
"...656";"20";"24";"UK";2021-03-12;2021;10;0;0;0;0;"UK";"AgeGender"
"...657";"25";"29";"UK";2021-03-12;2021;10;0;1;0;1;"UK";"AgeGender"
"...658";"30";"34";"UK";2021-03-12;2021;10;1;1;0;2;"UK";"AgeGender"
"...659";"35";"39";"UK";2021-03-12;2021;10;3;1;0;4;"UK";"AgeGender"
"...6510";"40";"44";"UK";2021-03-12;2021;10;3;4;0;7;"UK";"AgeGender"
"...6511";"45";"49";"UK";2021-03-12;2021;10;7;8;0;15;"UK";"AgeGender"
"...6512";"50";"54";"UK";2021-03-12;2021;10;29;14;0;43;"UK";"AgeGender"
"...6513";"55";"59";"UK";2021-03-12;2021;10;47;23;0;70;"UK";"AgeGender"
"...6514";"60";"64";"UK";2021-03-12;2021;10;49;20;0;69;"UK";"AgeGender"
"...6515";"65";"69";"UK";2021-03-12;2021;10;60;32;0;92;"UK";"AgeGender"
"...6516";"70";"74";"UK";2021-03-12;2021;10;77;47;0;124;"UK";"AgeGender"
"...6517";"75";"79";"UK";2021-03-12;2021;10;74;63;0;137;"UK";"AgeGender"
"...6518";"80";"84";"UK";2021-03-12;2021;10;92;64;0;156;"UK";"AgeGender"
"...6519";"85";"89";"UK";2021-03-12;2021;10;100;97;0;197;"UK";"AgeGender"
"...6520";"90";NA;"UK";2021-03-12;2021;10;84;114;0;198;"UK";"AgeGender"
"...661";"0";"1";"UK";2021-03-19;2021;11;0;0;0;0;"UK";"AgeGender"
"...662";"1";"4";"UK";2021-03-19;2021;11;0;0;0;0;"UK";"AgeGender"
"...663";"5";"9";"UK";2021-03-19;2021;11;0;0;0;0;"UK";"AgeGender"
"...664";"10";"14";"UK";2021-03-19;2021;11;1;0;0;1;"UK";"AgeGender"
"...665";"15";"19";"UK";2021-03-19;2021;11;0;0;0;0;"UK";"AgeGender"
"...666";"20";"24";"UK";2021-03-19;2021;11;0;0;0;0;"UK";"AgeGender"
"...667";"25";"29";"UK";2021-03-19;2021;11;0;0;0;0;"UK";"AgeGender"
"...668";"30";"34";"UK";2021-03-19;2021;11;1;0;0;1;"UK";"AgeGender"
"...669";"35";"39";"UK";2021-03-19;2021;11;2;1;0;3;"UK";"AgeGender"
"...6610";"40";"44";"UK";2021-03-19;2021;11;3;1;0;4;"UK";"AgeGender"
"...6611";"45";"49";"UK";2021-03-19;2021;11;9;6;0;15;"UK";"AgeGender"
"...6612";"50";"54";"UK";2021-03-19;2021;11;18;4;0;22;"UK";"AgeGender"
"...6613";"55";"59";"UK";2021-03-19;2021;11;25;13;0;38;"UK";"AgeGender"
"...6614";"60";"64";"UK";2021-03-19;2021;11;45;22;0;67;"UK";"AgeGender"
"...6615";"65";"69";"UK";2021-03-19;2021;11;32;19;0;51;"UK";"AgeGender"
"...6616";"70";"74";"UK";2021-03-19;2021;11;40;32;0;72;"UK";"AgeGender"
"...6617";"75";"79";"UK";2021-03-19;2021;11;50;29;0;79;"UK";"AgeGender"
"...6618";"80";"84";"UK";2021-03-19;2021;11;66;54;0;120;"UK";"AgeGender"
"...6619";"85";"89";"UK";2021-03-19;2021;11;69;58;0;127;"UK";"AgeGender"
"...6620";"90";NA;"UK";2021-03-19;2021;11;53;95;0;148;"UK";"AgeGender"
"...671";"0";"1";"UK";2021-03-26;2021;12;0;0;0;0;"UK";"AgeGender"
"...672";"1";"4";"UK";2021-03-26;2021;12;0;0;0;0;"UK";"AgeGender"
"...673";"5";"9";"UK";2021-03-26;2021;12;0;0;0;0;"UK";"AgeGender"
"...674";"10";"14";"UK";2021-03-26;2021;12;0;0;0;0;"UK";"AgeGender"
"...675";"15";"19";"UK";2021-03-26;2021;12;1;0;0;1;"UK";"AgeGender"
"...676";"20";"24";"UK";2021-03-26;2021;12;0;0;0;0;"UK";"AgeGender"
"...677";"25";"29";"UK";2021-03-26;2021;12;0;0;0;0;"UK";"AgeGender"
"...678";"30";"34";"UK";2021-03-26;2021;12;1;3;0;4;"UK";"AgeGender"
"...679";"35";"39";"UK";2021-03-26;2021;12;1;1;0;2;"UK";"AgeGender"
"...6710";"40";"44";"UK";2021-03-26;2021;12;2;2;0;4;"UK";"AgeGender"
"...6711";"45";"49";"UK";2021-03-26;2021;12;7;4;0;11;"UK";"AgeGender"
"...6712";"50";"54";"UK";2021-03-26;2021;12;13;8;0;21;"UK";"AgeGender"
"...6713";"55";"59";"UK";2021-03-26;2021;12;19;7;0;26;"UK";"AgeGender"
"...6714";"60";"64";"UK";2021-03-26;2021;12;25;17;0;42;"UK";"AgeGender"
"...6715";"65";"69";"UK";2021-03-26;2021;12;27;19;0;46;"UK";"AgeGender"
"...6716";"70";"74";"UK";2021-03-26;2021;12;29;17;0;46;"UK";"AgeGender"
"...6717";"75";"79";"UK";2021-03-26;2021;12;35;30;0;65;"UK";"AgeGender"
"...6718";"80";"84";"UK";2021-03-26;2021;12;41;26;0;67;"UK";"AgeGender"
"...6719";"85";"89";"UK";2021-03-26;2021;12;52;53;0;105;"UK";"AgeGender"
"...6720";"90";NA;"UK";2021-03-26;2021;12;41;75;0;116;"UK";"AgeGender"
"...681";"0";"1";"UK";2021-04-02;2021;13;0;0;0;0;"UK";"AgeGender"
"...682";"1";"4";"UK";2021-04-02;2021;13;0;0;0;0;"UK";"AgeGender"
"...683";"5";"9";"UK";2021-04-02;2021;13;0;0;0;0;"UK";"AgeGender"
"...684";"10";"14";"UK";2021-04-02;2021;13;0;0;0;0;"UK";"AgeGender"
"...685";"15";"19";"UK";2021-04-02;2021;13;0;0;0;0;"UK";"AgeGender"
"...686";"20";"24";"UK";2021-04-02;2021;13;0;0;0;0;"UK";"AgeGender"
"...687";"25";"29";"UK";2021-04-02;2021;13;0;0;0;0;"UK";"AgeGender"
"...688";"30";"34";"UK";2021-04-02;2021;13;4;3;0;7;"UK";"AgeGender"
"...689";"35";"39";"UK";2021-04-02;2021;13;1;3;0;4;"UK";"AgeGender"
"...6810";"40";"44";"UK";2021-04-02;2021;13;4;0;0;4;"UK";"AgeGender"
"...6811";"45";"49";"UK";2021-04-02;2021;13;4;5;0;9;"UK";"AgeGender"
"...6812";"50";"54";"UK";2021-04-02;2021;13;8;6;0;14;"UK";"AgeGender"
"...6813";"55";"59";"UK";2021-04-02;2021;13;13;12;0;25;"UK";"AgeGender"
"...6814";"60";"64";"UK";2021-04-02;2021;13;19;8;0;27;"UK";"AgeGender"
"...6815";"65";"69";"UK";2021-04-02;2021;13;19;10;0;29;"UK";"AgeGender"
"...6816";"70";"74";"UK";2021-04-02;2021;13;16;11;0;27;"UK";"AgeGender"
"...6817";"75";"79";"UK";2021-04-02;2021;13;22;18;0;40;"UK";"AgeGender"
"...6818";"80";"84";"UK";2021-04-02;2021;13;27;28;0;55;"UK";"AgeGender"
"...6819";"85";"89";"UK";2021-04-02;2021;13;26;29;0;55;"UK";"AgeGender"
"...6820";"90";NA;"UK";2021-04-02;2021;13;28;38;0;66;"UK";"AgeGender"
"...691";"0";"1";"UK";2021-04-09;2021;14;0;0;0;0;"UK";"AgeGender"
"...692";"1";"4";"UK";2021-04-09;2021;14;0;0;0;0;"UK";"AgeGender"
"...693";"5";"9";"UK";2021-04-09;2021;14;0;0;0;0;"UK";"AgeGender"
"...694";"10";"14";"UK";2021-04-09;2021;14;0;0;0;0;"UK";"AgeGender"
"...695";"15";"19";"UK";2021-04-09;2021;14;0;0;0;0;"UK";"AgeGender"
"...696";"20";"24";"UK";2021-04-09;2021;14;0;1;0;1;"UK";"AgeGender"
"...697";"25";"29";"UK";2021-04-09;2021;14;0;0;0;0;"UK";"AgeGender"
"...698";"30";"34";"UK";2021-04-09;2021;14;1;0;0;1;"UK";"AgeGender"
"...699";"35";"39";"UK";2021-04-09;2021;14;0;1;0;1;"UK";"AgeGender"
"...6910";"40";"44";"UK";2021-04-09;2021;14;3;1;0;4;"UK";"AgeGender"
"...6911";"45";"49";"UK";2021-04-09;2021;14;2;1;0;3;"UK";"AgeGender"
"...6912";"50";"54";"UK";2021-04-09;2021;14;4;3;0;7;"UK";"AgeGender"
"...6913";"55";"59";"UK";2021-04-09;2021;14;13;4;0;17;"UK";"AgeGender"
"...6914";"60";"64";"UK";2021-04-09;2021;14;8;11;0;19;"UK";"AgeGender"
"...6915";"65";"69";"UK";2021-04-09;2021;14;12;8;0;20;"UK";"AgeGender"
"...6916";"70";"74";"UK";2021-04-09;2021;14;10;4;0;14;"UK";"AgeGender"
"...6917";"75";"79";"UK";2021-04-09;2021;14;20;17;0;37;"UK";"AgeGender"
"...6918";"80";"84";"UK";2021-04-09;2021;14;23;21;0;44;"UK";"AgeGender"
"...6919";"85";"89";"UK";2021-04-09;2021;14;31;24;0;55;"UK";"AgeGender"
"...6920";"90";NA;"UK";2021-04-09;2021;14;20;31;0;51;"UK";"AgeGender"
"...701";"0";"1";"UK";2021-04-16;2021;15;0;0;0;0;"UK";"AgeGender"
"...702";"1";"4";"UK";2021-04-16;2021;15;0;0;0;0;"UK";"AgeGender"
"...703";"5";"9";"UK";2021-04-16;2021;15;0;0;0;0;"UK";"AgeGender"
"...704";"10";"14";"UK";2021-04-16;2021;15;0;0;0;0;"UK";"AgeGender"
"...705";"15";"19";"UK";2021-04-16;2021;15;0;0;0;0;"UK";"AgeGender"
"...706";"20";"24";"UK";2021-04-16;2021;15;0;0;0;0;"UK";"AgeGender"
"...707";"25";"29";"UK";2021-04-16;2021;15;0;0;0;0;"UK";"AgeGender"
"...708";"30";"34";"UK";2021-04-16;2021;15;1;0;0;1;"UK";"AgeGender"
"...709";"35";"39";"UK";2021-04-16;2021;15;2;0;0;2;"UK";"AgeGender"
"...7010";"40";"44";"UK";2021-04-16;2021;15;2;1;0;3;"UK";"AgeGender"
"...7011";"45";"49";"UK";2021-04-16;2021;15;3;1;0;4;"UK";"AgeGender"
"...7012";"50";"54";"UK";2021-04-16;2021;15;5;2;0;7;"UK";"AgeGender"
"...7013";"55";"59";"UK";2021-04-16;2021;15;5;5;0;10;"UK";"AgeGender"
"...7014";"60";"64";"UK";2021-04-16;2021;15;11;7;0;18;"UK";"AgeGender"
"...7015";"65";"69";"UK";2021-04-16;2021;15;9;10;0;19;"UK";"AgeGender"
"...7016";"70";"74";"UK";2021-04-16;2021;15;14;7;0;21;"UK";"AgeGender"
"...7017";"75";"79";"UK";2021-04-16;2021;15;15;12;0;27;"UK";"AgeGender"
"...7018";"80";"84";"UK";2021-04-16;2021;15;21;16;0;37;"UK";"AgeGender"
"...7019";"85";"89";"UK";2021-04-16;2021;15;23;22;0;45;"UK";"AgeGender"
"...7020";"90";NA;"UK";2021-04-16;2021;15;19;22;0;41;"UK";"AgeGender"
"...71110";"0";"1";"UK";2021-04-23;2021;16;0;0;0;0;"UK";"AgeGender"
"...7121";"1";"4";"UK";2021-04-23;2021;16;0;0;0;0;"UK";"AgeGender"
"...7131";"5";"9";"UK";2021-04-23;2021;16;0;0;0;0;"UK";"AgeGender"
"...7141";"10";"14";"UK";2021-04-23;2021;16;0;0;0;0;"UK";"AgeGender"
"...7151";"15";"19";"UK";2021-04-23;2021;16;0;0;0;0;"UK";"AgeGender"
"...7161";"20";"24";"UK";2021-04-23;2021;16;0;1;0;1;"UK";"AgeGender"
"...7171";"25";"29";"UK";2021-04-23;2021;16;0;0;0;0;"UK";"AgeGender"
"...7181";"30";"34";"UK";2021-04-23;2021;16;0;0;0;0;"UK";"AgeGender"
"...7191";"35";"39";"UK";2021-04-23;2021;16;0;0;0;0;"UK";"AgeGender"
"...7110";"40";"44";"UK";2021-04-23;2021;16;1;1;0;2;"UK";"AgeGender"
"...7111";"45";"49";"UK";2021-04-23;2021;16;2;1;0;3;"UK";"AgeGender"
"...7112";"50";"54";"UK";2021-04-23;2021;16;2;2;0;4;"UK";"AgeGender"
"...7113";"55";"59";"UK";2021-04-23;2021;16;6;3;0;9;"UK";"AgeGender"
"...7114";"60";"64";"UK";2021-04-23;2021;16;10;5;0;15;"UK";"AgeGender"
"...7115";"65";"69";"UK";2021-04-23;2021;16;11;7;0;18;"UK";"AgeGender"
"...7116";"70";"74";"UK";2021-04-23;2021;16;12;9;0;21;"UK";"AgeGender"
"...7117";"75";"79";"UK";2021-04-23;2021;16;8;5;0;13;"UK";"AgeGender"
"...7118";"80";"84";"UK";2021-04-23;2021;16;17;17;0;34;"UK";"AgeGender"
"...7119";"85";"89";"UK";2021-04-23;2021;16;14;19;0;33;"UK";"AgeGender"
"...7120";"90";NA;"UK";2021-04-23;2021;16;17;16;0;33;"UK";"AgeGender"
"...721";"0";"1";"UK";2021-04-30;2021;17;0;0;0;0;"UK";"AgeGender"
"...722";"1";"4";"UK";2021-04-30;2021;17;0;0;0;0;"UK";"AgeGender"
"...723";"5";"9";"UK";2021-04-30;2021;17;0;0;0;0;"UK";"AgeGender"
"...724";"10";"14";"UK";2021-04-30;2021;17;0;0;0;0;"UK";"AgeGender"
"...725";"15";"19";"UK";2021-04-30;2021;17;0;0;0;0;"UK";"AgeGender"
"...726";"20";"24";"UK";2021-04-30;2021;17;0;0;0;0;"UK";"AgeGender"
"...727";"25";"29";"UK";2021-04-30;2021;17;0;0;0;0;"UK";"AgeGender"
"...728";"30";"34";"UK";2021-04-30;2021;17;0;0;0;0;"UK";"AgeGender"
"...729";"35";"39";"UK";2021-04-30;2021;17;1;1;0;2;"UK";"AgeGender"
"...7210";"40";"44";"UK";2021-04-30;2021;17;0;0;0;0;"UK";"AgeGender"
"...7211";"45";"49";"UK";2021-04-30;2021;17;2;1;0;3;"UK";"AgeGender"
"...7212";"50";"54";"UK";2021-04-30;2021;17;4;2;0;6;"UK";"AgeGender"
"...7213";"55";"59";"UK";2021-04-30;2021;17;2;2;0;4;"UK";"AgeGender"
"...7214";"60";"64";"UK";2021-04-30;2021;17;3;4;0;7;"UK";"AgeGender"
"...7215";"65";"69";"UK";2021-04-30;2021;17;9;2;0;11;"UK";"AgeGender"
"...7216";"70";"74";"UK";2021-04-30;2021;17;10;7;0;17;"UK";"AgeGender"
"...7217";"75";"79";"UK";2021-04-30;2021;17;9;7;0;16;"UK";"AgeGender"
"...7218";"80";"84";"UK";2021-04-30;2021;17;10;9;0;19;"UK";"AgeGender"
"...7219";"85";"89";"UK";2021-04-30;2021;17;12;11;0;23;"UK";"AgeGender"
"...7220";"90";NA;"UK";2021-04-30;2021;17;5;14;0;19;"UK";"AgeGender"
"...731";"0";"1";"UK";2021-05-07;2021;18;0;0;0;0;"UK";"AgeGender"
"...732";"1";"4";"UK";2021-05-07;2021;18;0;0;0;0;"UK";"AgeGender"
"...733";"5";"9";"UK";2021-05-07;2021;18;0;0;0;0;"UK";"AgeGender"
"...734";"10";"14";"UK";2021-05-07;2021;18;0;0;0;0;"UK";"AgeGender"
"...735";"15";"19";"UK";2021-05-07;2021;18;0;0;0;0;"UK";"AgeGender"
"...736";"20";"24";"UK";2021-05-07;2021;18;0;0;0;0;"UK";"AgeGender"
"...737";"25";"29";"UK";2021-05-07;2021;18;1;0;0;1;"UK";"AgeGender"
"...738";"30";"34";"UK";2021-05-07;2021;18;0;0;0;0;"UK";"AgeGender"
"...739";"35";"39";"UK";2021-05-07;2021;18;0;0;0;0;"UK";"AgeGender"
"...7310";"40";"44";"UK";2021-05-07;2021;18;1;0;0;1;"UK";"AgeGender"
"...7311";"45";"49";"UK";2021-05-07;2021;18;1;0;0;1;"UK";"AgeGender"
"...7312";"50";"54";"UK";2021-05-07;2021;18;0;3;0;3;"UK";"AgeGender"
"...7313";"55";"59";"UK";2021-05-07;2021;18;4;1;0;5;"UK";"AgeGender"
"...7314";"60";"64";"UK";2021-05-07;2021;18;6;2;0;8;"UK";"AgeGender"
"...7315";"65";"69";"UK";2021-05-07;2021;18;7;1;0;8;"UK";"AgeGender"
"...7316";"70";"74";"UK";2021-05-07;2021;18;7;3;0;10;"UK";"AgeGender"
"...7317";"75";"79";"UK";2021-05-07;2021;18;11;5;0;16;"UK";"AgeGender"
"...7318";"80";"84";"UK";2021-05-07;2021;18;11;3;0;14;"UK";"AgeGender"
"...7319";"85";"89";"UK";2021-05-07;2021;18;11;9;0;20;"UK";"AgeGender"
"...7320";"90";NA;"UK";2021-05-07;2021;18;5;16;0;21;"UK";"AgeGender"
"...741";"0";"1";"UK";2021-05-14;2021;19;0;0;0;0;"UK";"AgeGender"
"...742";"1";"4";"UK";2021-05-14;2021;19;0;0;0;0;"UK";"AgeGender"
"...743";"5";"9";"UK";2021-05-14;2021;19;0;0;0;0;"UK";"AgeGender"
"...744";"10";"14";"UK";2021-05-14;2021;19;0;0;0;0;"UK";"AgeGender"
"...745";"15";"19";"UK";2021-05-14;2021;19;0;0;0;0;"UK";"AgeGender"
"...746";"20";"24";"UK";2021-05-14;2021;19;0;0;0;0;"UK";"AgeGender"
"...747";"25";"29";"UK";2021-05-14;2021;19;0;0;0;0;"UK";"AgeGender"
"...748";"30";"34";"UK";2021-05-14;2021;19;0;0;0;0;"UK";"AgeGender"
"...749";"35";"39";"UK";2021-05-14;2021;19;0;0;0;0;"UK";"AgeGender"
"...7410";"40";"44";"UK";2021-05-14;2021;19;0;0;0;0;"UK";"AgeGender"
"...7411";"45";"49";"UK";2021-05-14;2021;19;2;0;0;2;"UK";"AgeGender"
"...7412";"50";"54";"UK";2021-05-14;2021;19;3;1;0;4;"UK";"AgeGender"
"...7413";"55";"59";"UK";2021-05-14;2021;19;4;1;0;5;"UK";"AgeGender"
"...7414";"60";"64";"UK";2021-05-14;2021;19;3;3;0;6;"UK";"AgeGender"
"...7415";"65";"69";"UK";2021-05-14;2021;19;5;8;0;13;"UK";"AgeGender"
"...7416";"70";"74";"UK";2021-05-14;2021;19;0;4;0;4;"UK";"AgeGender"
"...7417";"75";"79";"UK";2021-05-14;2021;19;3;7;0;10;"UK";"AgeGender"
"...7418";"80";"84";"UK";2021-05-14;2021;19;7;5;0;12;"UK";"AgeGender"
"...7419";"85";"89";"UK";2021-05-14;2021;19;4;6;0;10;"UK";"AgeGender"
"...7420";"90";NA;"UK";2021-05-14;2021;19;2;5;0;7;"UK";"AgeGender"
