"";"date";"Year";"WeekNo";"total_covid_death";"male_covid_death";"female_covid_death";"NC_covid_death";"country";"Type"
"1";"2020-03-24";"2020";"13";"168";"124";"44";"0";"Germany";"Gender"
"2";"2020-04-10";"2020";"15";"208";"114";"94";"0";"Germany";"Gender"
"3";"2020-12-12";"2020";"50";"759";"383";"375";"1";"Germany";"Gender"
"4";"2020-12-21";"2020";"52";"904";"465";"436";"3";"Germany";"Gender"
"5";"2021-01-04";"2021";"01";"763";"403";"356";"4";"Germany";"Gender"
"6";"2021-01-14";"2021";"02";"933";"443";"490";"0";"Germany";"Gender"
"7";"2021-01-26";"2021";"04";"571";"297";"271";"3";"Germany";"Gender"
"8";"2021-02-21";"2021";"07";"94";"55";"38";"1";"Germany";"Gender"
"9";"2021-02-22";"2021";"08";"173";"88";"85";"0";"Germany";"Gender"
"10";"2021-03-27";"2021";"12";"188";"123";"65";"0";"Germany";"Gender"
"11";"2021-01-28";"2021";"04";"472";"242";"228";"2";"Germany";"Gender"
"12";"2021-03-11";"2021";"10";"191";"105";"85";"1";"Germany";"Gender"
"13";"2020-03-31";"2020";"14";"379";"226";"153";"0";"Germany";"Gender"
"14";"2020-12-11";"2020";"50";"965";"462";"502";"1";"Germany";"Gender"
"15";"2020-12-14";"2020";"51";"813";"424";"387";"2";"Germany";"Gender"
"16";"2021-01-10";"2021";"01";"404";"180";"222";"2";"Germany";"Gender"
"17";"2021-01-11";"2021";"02";"574";"277";"291";"6";"Germany";"Gender"
"18";"2021-01-15";"2021";"02";"799";"392";"407";"0";"Germany";"Gender"
"19";"2021-01-20";"2021";"03";"759";"366";"390";"3";"Germany";"Gender"
"20";"2021-02-02";"2021";"05";"387";"185";"202";"0";"Germany";"Gender"
"21";"2021-02-14";"2021";"06";"104";"62";"42";"0";"Germany";"Gender"
"22";"2021-02-16";"2021";"07";"279";"151";"127";"1";"Germany";"Gender"
"23";"2021-03-10";"2021";"10";"200";"119";"81";"0";"Germany";"Gender"
"24";"2020-11-22";"2020";"47";"281";"157";"124";"0";"Germany";"Gender"
"25";"2020-12-29";"2020";"53";"1223";"566";"654";"3";"Germany";"Gender"
"26";"2021-01-21";"2021";"03";"684";"331";"351";"2";"Germany";"Gender"
"27";"2021-03-02";"2021";"09";"186";"94";"92";"0";"Germany";"Gender"
"28";"2021-05-22";"2021";"20";"5";"2";"3";"0";"Germany";"Gender"
"29";"2021-04-03";"2021";"13";"163";"85";"78";"0";"Germany";"Gender"
"30";"2020-04-06";"2020";"15";"294";"165";"129";"0";"Germany";"Gender"
"31";"2020-04-09";"2020";"15";"326";"170";"155";"1";"Germany";"Gender"
"32";"2020-04-20";"2020";"17";"149";"84";"65";"0";"Germany";"Gender"
"33";"2020-09-25";"2020";"39";"14";"11";"3";"0";"Germany";"Gender"
"34";"2020-12-03";"2020";"49";"837";"379";"457";"1";"Germany";"Gender"
"35";"2020-12-17";"2020";"51";"1143";"577";"566";"0";"Germany";"Gender"
"36";"2021-01-24";"2021";"03";"205";"107";"96";"2";"Germany";"Gender"
"37";"2021-01-25";"2021";"04";"419";"232";"185";"2";"Germany";"Gender"
"38";"2021-02-28";"2021";"08";"67";"39";"28";"0";"Germany";"Gender"
"39";"2021-03-24";"2021";"12";"243";"149";"94";"0";"Germany";"Gender"
"40";"2020-03-30";"2020";"14";"267";"169";"98";"0";"Germany";"Gender"
"41";"2020-04-01";"2020";"14";"376";"210";"166";"0";"Germany";"Gender"
"42";"2020-10-18";"2020";"42";"53";"35";"18";"0";"Germany";"Gender"
"43";"2020-11-05";"2020";"45";"334";"176";"157";"1";"Germany";"Gender"
"44";"2020-12-10";"2020";"50";"1061";"515";"541";"5";"Germany";"Gender"
"45";"2020-12-24";"2020";"52";"705";"349";"354";"2";"Germany";"Gender"
"46";"2020-12-27";"2020";"52";"520";"283";"236";"1";"Germany";"Gender"
"47";"2021-01-02";"2021";"53";"575";"294";"276";"5";"Germany";"Gender"
"48";"2021-01-08";"2021";"01";"906";"447";"454";"5";"Germany";"Gender"
"49";"2021-01-19";"2021";"03";"751";"366";"381";"4";"Germany";"Gender"
"50";"2021-02-01";"2021";"05";"305";"157";"147";"1";"Germany";"Gender"
"51";"2021-02-26";"2021";"08";"177";"89";"88";"0";"Germany";"Gender"
"52";"2021-03-23";"2021";"12";"252";"159";"93";"0";"Germany";"Gender"
"53";"2021-04-23";"2021";"16";"185";"98";"87";"0";"Germany";"Gender"
"54";"2020-07-27";"2020";"31";"7";"4";"3";"0";"Germany";"Gender"
"55";"2020-10-29";"2020";"44";"270";"152";"118";"0";"Germany";"Gender"
"56";"2020-11-26";"2020";"48";"650";"293";"357";"0";"Germany";"Gender"
"57";"2020-12-02";"2020";"49";"722";"354";"365";"3";"Germany";"Gender"
"58";"2020-12-07";"2020";"50";"678";"343";"335";"0";"Germany";"Gender"
"59";"2020-12-22";"2020";"52";"1177";"603";"571";"3";"Germany";"Gender"
"60";"2020-12-25";"2020";"52";"505";"264";"241";"0";"Germany";"Gender"
"61";"2021-01-05";"2021";"01";"1015";"510";"505";"0";"Germany";"Gender"
"62";"2021-01-06";"2021";"01";"902";"417";"471";"14";"Germany";"Gender"
"63";"2021-01-07";"2021";"01";"1013";"502";"499";"12";"Germany";"Gender"
"64";"2021-01-16";"2021";"02";"530";"264";"265";"1";"Germany";"Gender"
"65";"2021-01-27";"2021";"04";"614";"312";"299";"3";"Germany";"Gender"
"66";"2021-02-18";"2021";"07";"234";"126";"108";"0";"Germany";"Gender"
"67";"2021-04-06";"2021";"14";"238";"157";"80";"1";"Germany";"Gender"
"68";"2021-04-07";"2021";"14";"258";"170";"88";"0";"Germany";"Gender"
"69";"2021-04-24";"2021";"16";"146";"82";"64";"0";"Germany";"Gender"
"70";"2020-03-22";"2020";"12";"78";"55";"23";"0";"Germany";"Gender"
"71";"2020-03-23";"2020";"13";"131";"81";"50";"0";"Germany";"Gender"
"72";"2020-03-29";"2020";"13";"166";"97";"69";"0";"Germany";"Gender"
"73";"2020-11-04";"2020";"45";"308";"151";"157";"0";"Germany";"Gender"
"74";"2020-11-16";"2020";"47";"448";"224";"224";"0";"Germany";"Gender"
"75";"2020-11-27";"2020";"48";"624";"294";"330";"0";"Germany";"Gender"
"76";"2020-12-18";"2020";"51";"1021";"500";"519";"2";"Germany";"Gender"
"77";"2021-01-01";"2021";"53";"406";"185";"219";"2";"Germany";"Gender"
"78";"2021-01-12";"2021";"02";"874";"444";"426";"4";"Germany";"Gender"
"79";"2021-01-17";"2021";"02";"315";"167";"147";"1";"Germany";"Gender"
"80";"2021-01-18";"2021";"03";"529";"284";"242";"3";"Germany";"Gender"
"81";"2021-01-30";"2021";"04";"299";"168";"131";"0";"Germany";"Gender"
"82";"2021-01-31";"2021";"04";"181";"102";"79";"0";"Germany";"Gender"
"83";"2021-03-15";"2021";"11";"138";"83";"55";"0";"Germany";"Gender"
"84";"2021-03-18";"2021";"11";"223";"128";"95";"0";"Germany";"Gender"
"85";"2020-03-18";"2020";"12";"63";"46";"17";"0";"Germany";"Gender"
"86";"2021-04-27";"2021";"17";"188";"113";"74";"1";"Germany";"Gender"
"87";"2020-12-15";"2020";"51";"999";"526";"471";"2";"Germany";"Gender"
"88";"2020-10-28";"2020";"44";"241";"138";"103";"0";"Germany";"Gender"
"89";"2020-12-31";"2020";"53";"767";"371";"394";"2";"Germany";"Gender"
"90";"2021-02-08";"2021";"06";"239";"135";"102";"2";"Germany";"Gender"
"91";"2021-03-30";"2021";"13";"272";"161";"111";"0";"Germany";"Gender"
"92";"2020-11-12";"2020";"46";"420";"212";"206";"2";"Germany";"Gender"
"93";"2021-01-29";"2021";"04";"470";"227";"240";"3";"Germany";"Gender"
"94";"2021-02-04";"2021";"05";"431";"234";"197";"0";"Germany";"Gender"
"95";"2020-12-19";"2020";"51";"761";"358";"403";"0";"Germany";"Gender"
"96";"2020-04-02";"2020";"14";"415";"211";"204";"0";"Germany";"Gender"
"97";"2020-07-17";"2020";"29";"6";"3";"3";"0";"Germany";"Gender"
"98";"2021-04-30";"2021";"17";"138";"80";"57";"1";"Germany";"Gender"
"99";"2021-01-22";"2021";"03";"615";"321";"291";"3";"Germany";"Gender"
"100";"2020-12-09";"2020";"50";"832";"415";"417";"0";"Germany";"Gender"
"101";"2021-03-17";"2021";"11";"203";"104";"99";"0";"Germany";"Gender"
"102";"2020-11-09";"2020";"46";"312";"192";"120";"0";"Germany";"Gender"
"103";"2020-12-30";"2020";"53";"1262";"638";"622";"2";"Germany";"Gender"
"104";"2021-01-09";"2021";"01";"585";"268";"314";"3";"Germany";"Gender"
"105";"2021-05-12";"2021";"19";"61";"38";"22";"1";"Germany";"Gender"
"106";"2020-10-19";"2020";"43";"86";"49";"37";"0";"Germany";"Gender"
"107";"2020-12-01";"2020";"49";"649";"317";"331";"1";"Germany";"Gender"
"108";"2020-12-06";"2020";"49";"347";"166";"181";"0";"Germany";"Gender"
"109";"2020-12-23";"2020";"52";"1230";"617";"611";"2";"Germany";"Gender"
"110";"2021-01-03";"2021";"53";"487";"239";"244";"4";"Germany";"Gender"
"111";"2021-02-05";"2021";"05";"296";"158";"138";"0";"Germany";"Gender"
"112";"2021-02-11";"2021";"06";"297";"146";"149";"2";"Germany";"Gender"
"113";"2021-02-15";"2021";"07";"190";"102";"87";"1";"Germany";"Gender"
"114";"2021-03-25";"2021";"12";"240";"143";"97";"0";"Germany";"Gender"
"115";"2021-05-07";"2021";"18";"91";"52";"39";"0";"Germany";"Gender"
"116";"2020-10-25";"2020";"43";"125";"62";"62";"1";"Germany";"Gender"
"117";"2020-12-04";"2020";"49";"801";"393";"407";"1";"Germany";"Gender"
"118";"2020-12-08";"2020";"50";"852";"430";"421";"1";"Germany";"Gender"
"119";"2021-02-09";"2021";"06";"295";"179";"115";"1";"Germany";"Gender"
"120";"2021-02-10";"2021";"06";"302";"151";"151";"0";"Germany";"Gender"
"121";"2021-02-12";"2021";"06";"245";"120";"124";"1";"Germany";"Gender"
"122";"2021-04-05";"2021";"14";"154";"89";"65";"0";"Germany";"Gender"
"123";"2021-04-14";"2021";"15";"266";"164";"102";"0";"Germany";"Gender"
"124";"2021-04-29";"2021";"17";"144";"80";"62";"2";"Germany";"Gender"
"125";"2021-05-06";"2021";"18";"99";"57";"42";"0";"Germany";"Gender"
"126";"2021-03-09";"2021";"10";"170";"95";"74";"1";"Germany";"Gender"
"127";"2021-05-01";"2021";"17";"91";"58";"33";"0";"Germany";"Gender"
"128";"2021-05-14";"2021";"19";"37";"21";"16";"0";"Germany";"Gender"
"129";"2020-06-12";"2020";"24";"11";"5";"6";"0";"Germany";"Gender"
"130";"2020-07-24";"2020";"30";"10";"7";"3";"0";"Germany";"Gender"
"131";"2020-10-20";"2020";"43";"129";"82";"47";"0";"Germany";"Gender"
"132";"2020-10-15";"2020";"42";"81";"47";"34";"0";"Germany";"Gender"
"133";"2020-11-25";"2020";"48";"574";"278";"296";"0";"Germany";"Gender"
"134";"2020-12-16";"2020";"51";"1049";"538";"507";"4";"Germany";"Gender"
"135";"2020-12-28";"2020";"53";"876";"455";"419";"2";"Germany";"Gender"
"136";"2021-04-26";"2021";"17";"159";"87";"72";"0";"Germany";"Gender"
"137";"2021-05-13";"2021";"19";"33";"23";"10";"0";"Germany";"Gender"
"138";"2020-04-28";"2020";"18";"83";"47";"36";"0";"Germany";"Gender"
"139";"2020-10-16";"2020";"42";"89";"52";"37";"0";"Germany";"Gender"
"140";"2020-11-02";"2020";"45";"277";"157";"119";"1";"Germany";"Gender"
"141";"2020-12-26";"2020";"52";"576";"291";"284";"1";"Germany";"Gender"
"142";"2020-10-27";"2020";"44";"238";"129";"109";"0";"Germany";"Gender"
"143";"2021-02-03";"2021";"05";"434";"244";"188";"2";"Germany";"Gender"
"144";"2021-02-24";"2021";"08";"224";"130";"93";"1";"Germany";"Gender"
"145";"2020-04-11";"2020";"15";"201";"91";"110";"0";"Germany";"Gender"
"146";"2020-04-30";"2020";"18";"71";"44";"27";"0";"Germany";"Gender"
"147";"2020-10-31";"2020";"44";"194";"110";"84";"0";"Germany";"Gender"
"148";"2020-11-11";"2020";"46";"414";"216";"198";"0";"Germany";"Gender"
"149";"2021-01-23";"2021";"03";"426";"213";"212";"1";"Germany";"Gender"
"150";"2021-02-23";"2021";"08";"213";"115";"97";"1";"Germany";"Gender"
"151";"2021-02-25";"2021";"08";"196";"106";"90";"0";"Germany";"Gender"
"152";"2021-03-03";"2021";"09";"160";"93";"66";"1";"Germany";"Gender"
"153";"2021-03-04";"2021";"09";"156";"90";"66";"0";"Germany";"Gender"
"154";"2020-04-22";"2020";"17";"127";"62";"65";"0";"Germany";"Gender"
"155";"2020-06-25";"2020";"26";"5";"2";"3";"0";"Germany";"Gender"
"156";"2020-10-12";"2020";"42";"60";"34";"26";"0";"Germany";"Gender"
"157";"2021-03-01";"2021";"09";"157";"84";"73";"0";"Germany";"Gender"
"158";"2021-03-13";"2021";"10";"116";"69";"47";"0";"Germany";"Gender"
"159";"2021-03-16";"2021";"11";"226";"148";"78";"0";"Germany";"Gender"
"160";"2020-04-17";"2020";"16";"174";"90";"84";"0";"Germany";"Gender"
"161";"2020-05-11";"2020";"20";"25";"10";"15";"0";"Germany";"Gender"
"162";"2020-10-22";"2020";"43";"195";"92";"103";"0";"Germany";"Gender"
"163";"2021-02-19";"2021";"07";"215";"117";"97";"1";"Germany";"Gender"
"164";"2021-02-20";"2021";"07";"148";"87";"59";"2";"Germany";"Gender"
"165";"2021-03-12";"2021";"10";"169";"104";"65";"0";"Germany";"Gender"
"166";"2020-04-27";"2020";"18";"75";"37";"38";"0";"Germany";"Gender"
"167";"2020-03-12";"2020";"11";"12";"11";"1";"0";"Germany";"Gender"
"168";"2021-05-16";"2021";"19";"19";"11";"8";"0";"Germany";"Gender"
"169";"2020-03-20";"2020";"12";"95";"58";"37";"0";"Germany";"Gender"
"170";"2020-12-20";"2020";"51";"540";"253";"285";"2";"Germany";"Gender"
"171";"2021-01-13";"2021";"02";"950";"455";"490";"5";"Germany";"Gender"
"172";"2021-02-27";"2021";"08";"127";"67";"60";"0";"Germany";"Gender"
"173";"2021-04-15";"2021";"15";"226";"126";"98";"2";"Germany";"Gender"
"174";"2021-04-17";"2021";"15";"169";"91";"78";"0";"Germany";"Gender"
"175";"2021-03-26";"2021";"12";"240";"144";"96";"0";"Germany";"Gender"
"176";"2021-04-13";"2021";"15";"257";"159";"98";"0";"Germany";"Gender"
"177";"2021-05-09";"2021";"18";"42";"28";"14";"0";"Germany";"Gender"
"178";"2020-07-13";"2020";"29";"5";"3";"2";"0";"Germany";"Gender"
"179";"2021-04-18";"2021";"15";"113";"66";"47";"0";"Germany";"Gender"
"180";"2021-02-06";"2021";"05";"230";"116";"114";"0";"Germany";"Gender"
"181";"2021-02-13";"2021";"06";"155";"90";"65";"0";"Germany";"Gender"
"182";"2020-11-17";"2020";"47";"506";"267";"237";"2";"Germany";"Gender"
"183";"2020-11-30";"2020";"49";"531";"274";"257";"0";"Germany";"Gender"
"184";"2021-04-16";"2021";"15";"199";"124";"75";"0";"Germany";"Gender"
"185";"2021-04-22";"2021";"16";"236";"129";"105";"2";"Germany";"Gender"
"186";"2021-04-28";"2021";"17";"162";"100";"60";"2";"Germany";"Gender"
"187";"2021-02-17";"2021";"07";"265";"147";"118";"0";"Germany";"Gender"
"188";"2021-04-01";"2021";"13";"233";"140";"93";"0";"Germany";"Gender"
"189";"2020-03-26";"2020";"13";"265";"183";"82";"0";"Germany";"Gender"
"190";"2020-04-07";"2020";"15";"341";"181";"160";"0";"Germany";"Gender"
"191";"2020-04-23";"2020";"17";"119";"58";"61";"0";"Germany";"Gender"
"192";"2020-04-25";"2020";"17";"80";"44";"36";"0";"Germany";"Gender"
"193";"2020-05-02";"2020";"18";"35";"23";"12";"0";"Germany";"Gender"
"194";"2020-11-10";"2020";"46";"339";"176";"163";"0";"Germany";"Gender"
"195";"2021-03-19";"2021";"11";"184";"111";"73";"0";"Germany";"Gender"
"196";"2020-05-10";"2020";"19";"14";"7";"7";"0";"Germany";"Gender"
"197";"2020-11-23";"2020";"48";"463";"239";"223";"1";"Germany";"Gender"
"198";"2020-11-28";"2020";"48";"398";"207";"191";"0";"Germany";"Gender"
"199";"2021-02-07";"2021";"05";"96";"42";"54";"0";"Germany";"Gender"
"200";"2021-03-08";"2021";"10";"132";"81";"51";"0";"Germany";"Gender"
"201";"2021-03-20";"2021";"11";"134";"71";"63";"0";"Germany";"Gender"
"202";"2021-05-03";"2021";"18";"87";"49";"38";"0";"Germany";"Gender"
"203";"2020-03-21";"2020";"12";"95";"66";"28";"1";"Germany";"Gender"
"204";"2020-04-03";"2020";"14";"394";"174";"220";"0";"Germany";"Gender"
"205";"2020-04-04";"2020";"14";"244";"126";"118";"0";"Germany";"Gender"
"206";"2020-04-08";"2020";"15";"342";"186";"156";"0";"Germany";"Gender"
"207";"2020-04-21";"2020";"17";"136";"60";"76";"0";"Germany";"Gender"
"208";"2020-12-05";"2020";"49";"504";"230";"274";"0";"Germany";"Gender"
"209";"2021-03-14";"2021";"10";"74";"42";"32";"0";"Germany";"Gender"
"210";"2021-03-29";"2021";"13";"211";"124";"86";"1";"Germany";"Gender"
"211";"2021-03-31";"2021";"13";"279";"171";"108";"0";"Germany";"Gender"
"212";"2020-03-25";"2020";"13";"217";"160";"56";"1";"Germany";"Gender"
"213";"2020-03-27";"2020";"13";"263";"167";"96";"0";"Germany";"Gender"
"214";"2020-04-15";"2020";"16";"229";"103";"126";"0";"Germany";"Gender"
"215";"2020-04-24";"2020";"17";"84";"42";"42";"0";"Germany";"Gender"
"216";"2020-04-26";"2020";"17";"30";"11";"19";"0";"Germany";"Gender"
"217";"2020-05-01";"2020";"18";"48";"28";"20";"0";"Germany";"Gender"
"218";"2021-03-05";"2021";"09";"136";"89";"47";"0";"Germany";"Gender"
"219";"2021-04-04";"2021";"13";"111";"61";"50";"0";"Germany";"Gender"
"220";"2020-05-07";"2020";"19";"49";"25";"24";"0";"Germany";"Gender"
"221";"2020-03-17";"2020";"12";"43";"31";"12";"0";"Germany";"Gender"
"222";"2021-04-10";"2021";"14";"187";"115";"72";"0";"Germany";"Gender"
"223";"2020-03-28";"2020";"13";"248";"149";"99";"0";"Germany";"Gender"
"224";"2020-10-04";"2020";"40";"9";"3";"6";"0";"Germany";"Gender"
"225";"2021-04-11";"2021";"14";"99";"60";"39";"0";"Germany";"Gender"
"226";"2020-04-16";"2020";"16";"190";"116";"74";"0";"Germany";"Gender"
"227";"2021-05-04";"2021";"18";"135";"75";"59";"1";"Germany";"Gender"
"228";"2020-04-18";"2020";"16";"122";"65";"57";"0";"Germany";"Gender"
"229";"2020-10-14";"2020";"42";"63";"33";"30";"0";"Germany";"Gender"
"230";"2020-11-06";"2020";"45";"245";"138";"107";"0";"Germany";"Gender"
"231";"2020-05-19";"2020";"21";"27";"14";"13";"0";"Germany";"Gender"
"232";"2020-10-23";"2020";"43";"196";"109";"87";"0";"Germany";"Gender"
"233";"2020-11-14";"2020";"46";"369";"184";"185";"0";"Germany";"Gender"
"234";"2021-03-28";"2021";"12";"104";"73";"31";"0";"Germany";"Gender"
"235";"2021-04-09";"2021";"14";"218";"132";"84";"2";"Germany";"Gender"
"236";"2020-05-29";"2020";"22";"9";"6";"3";"0";"Germany";"Gender"
"237";"2021-03-06";"2021";"09";"123";"64";"59";"0";"Germany";"Gender"
"238";"2020-04-05";"2020";"14";"183";"95";"88";"0";"Germany";"Gender"
"239";"2020-05-22";"2020";"21";"16";"10";"6";"0";"Germany";"Gender"
"240";"2020-10-26";"2020";"44";"240";"130";"110";"0";"Germany";"Gender"
"241";"2020-10-30";"2020";"44";"253";"140";"113";"0";"Germany";"Gender"
"242";"2020-11-01";"2020";"44";"169";"94";"75";"0";"Germany";"Gender"
"243";"2020-10-24";"2020";"43";"123";"64";"59";"0";"Germany";"Gender"
"244";"2021-04-02";"2021";"13";"178";"101";"77";"0";"Germany";"Gender"
"245";"2020-11-07";"2020";"45";"215";"110";"105";"0";"Germany";"Gender"
"246";"2020-12-13";"2020";"50";"511";"240";"270";"1";"Germany";"Gender"
"247";"2021-04-19";"2021";"16";"166";"97";"69";"0";"Germany";"Gender"
"248";"2021-03-07";"2021";"09";"79";"43";"36";"0";"Germany";"Gender"
"249";"2020-04-13";"2020";"16";"163";"72";"91";"0";"Germany";"Gender"
"250";"2020-04-19";"2020";"16";"119";"60";"59";"0";"Germany";"Gender"
"251";"2020-05-08";"2020";"19";"45";"23";"22";"0";"Germany";"Gender"
"252";"2020-07-08";"2020";"28";"6";"3";"3";"0";"Germany";"Gender"
"253";"2020-11-19";"2020";"47";"555";"262";"293";"0";"Germany";"Gender"
"254";"2020-04-14";"2020";"16";"219";"106";"113";"0";"Germany";"Gender"
"255";"2020-09-21";"2020";"39";"18";"11";"6";"1";"Germany";"Gender"
"256";"2020-10-21";"2020";"43";"141";"69";"72";"0";"Germany";"Gender"
"257";"2020-11-13";"2020";"46";"412";"217";"193";"2";"Germany";"Gender"
"258";"2020-08-05";"2020";"32";"3";"1";"2";"0";"Germany";"Gender"
"259";"2020-08-12";"2020";"33";"10";"4";"6";"0";"Germany";"Gender"
"260";"2020-11-08";"2020";"45";"161";"89";"72";"0";"Germany";"Gender"
"261";"2020-03-19";"2020";"12";"64";"40";"24";"0";"Germany";"Gender"
"262";"2021-04-21";"2021";"16";"223";"140";"81";"2";"Germany";"Gender"
"263";"2020-11-03";"2020";"45";"327";"189";"138";"0";"Germany";"Gender"
"264";"2020-08-03";"2020";"32";"8";"6";"2";"0";"Germany";"Gender"
"265";"2020-09-10";"2020";"37";"6";"4";"2";"0";"Germany";"Gender"
"266";"2020-11-18";"2020";"47";"525";"270";"254";"1";"Germany";"Gender"
"267";"2020-11-21";"2020";"47";"342";"180";"161";"1";"Germany";"Gender"
"268";"2020-11-24";"2020";"48";"500";"244";"256";"0";"Germany";"Gender"
"269";"2021-05-17";"2021";"20";"23";"12";"11";"0";"Germany";"Gender"
"270";"2021-04-08";"2021";"14";"252";"144";"108";"0";"Germany";"Gender"
"271";"2020-05-17";"2020";"20";"8";"6";"2";"0";"Germany";"Gender"
"272";"2020-10-01";"2020";"40";"26";"19";"7";"0";"Germany";"Gender"
"273";"2020-11-20";"2020";"47";"520";"249";"270";"1";"Germany";"Gender"
"274";"2021-04-20";"2021";"16";"238";"131";"106";"1";"Germany";"Gender"
"275";"2020-03-06";"2020";"10";"4";"1";"3";"0";"Germany";"Gender"
"276";"2020-03-14";"2020";"11";"20";"17";"3";"0";"Germany";"Gender"
"277";"2020-05-05";"2020";"19";"45";"22";"23";"0";"Germany";"Gender"
"278";"2020-05-06";"2020";"19";"40";"19";"21";"0";"Germany";"Gender"
"279";"2020-08-18";"2020";"34";"9";"5";"4";"0";"Germany";"Gender"
"280";"2020-09-14";"2020";"38";"5";"4";"1";"0";"Germany";"Gender"
"281";"2020-09-26";"2020";"39";"25";"11";"14";"0";"Germany";"Gender"
"282";"2020-10-02";"2020";"40";"24";"16";"8";"0";"Germany";"Gender"
"283";"2020-10-03";"2020";"40";"12";"10";"2";"0";"Germany";"Gender"
"284";"2020-10-17";"2020";"42";"60";"29";"31";"0";"Germany";"Gender"
"285";"2020-11-15";"2020";"46";"221";"118";"103";"0";"Germany";"Gender"
"286";"2020-04-12";"2020";"15";"166";"79";"87";"0";"Germany";"Gender"
"287";"2020-04-29";"2020";"18";"59";"31";"28";"0";"Germany";"Gender"
"288";"2020-05-04";"2020";"19";"41";"23";"18";"0";"Germany";"Gender"
"289";"2020-05-20";"2020";"21";"23";"13";"10";"0";"Germany";"Gender"
"290";"2020-09-12";"2020";"37";"8";"5";"3";"0";"Germany";"Gender"
"291";"2020-10-08";"2020";"41";"41";"19";"22";"0";"Germany";"Gender"
"292";"2021-03-21";"2021";"11";"101";"65";"36";"0";"Germany";"Gender"
"293";"2021-03-22";"2021";"12";"156";"96";"60";"0";"Germany";"Gender"
"294";"2021-04-12";"2021";"15";"180";"107";"72";"1";"Germany";"Gender"
"295";"2021-05-18";"2021";"20";"26";"10";"16";"0";"Germany";"Gender"
"296";"2021-05-25";"2021";"21";"6";"4";"2";"0";"Germany";"Gender"
"297";"2020-05-14";"2020";"20";"20";"9";"11";"0";"Germany";"Gender"
"298";"2020-08-10";"2020";"33";"2";"1";"1";"0";"Germany";"Gender"
"299";"2020-09-04";"2020";"36";"7";"5";"2";"0";"Germany";"Gender"
"300";"2020-09-28";"2020";"40";"19";"10";"9";"0";"Germany";"Gender"
"301";"2020-10-06";"2020";"41";"27";"17";"10";"0";"Germany";"Gender"
"302";"2020-11-29";"2020";"48";"323";"163";"160";"0";"Germany";"Gender"
"303";"2020-03-13";"2020";"11";"16";"10";"6";"0";"Germany";"Gender"
"304";"2020-07-05";"2020";"27";"4";"1";"3";"0";"Germany";"Gender"
"305";"2020-07-21";"2020";"30";"4";"4";"0";"0";"Germany";"Gender"
"306";"2021-05-05";"2021";"18";"117";"69";"46";"2";"Germany";"Gender"
"307";"2020-05-16";"2020";"20";"20";"6";"14";"0";"Germany";"Gender"
"308";"2020-08-15";"2020";"33";"4";"0";"4";"0";"Germany";"Gender"
"309";"2021-05-02";"2021";"17";"62";"42";"20";"0";"Germany";"Gender"
"310";"2020-08-26";"2020";"35";"2";"2";"0";"0";"Germany";"Gender"
"311";"2020-06-15";"2020";"25";"4";"0";"4";"0";"Germany";"Gender"
"312";"2020-05-13";"2020";"20";"27";"13";"14";"0";"Germany";"Gender"
"313";"2021-05-11";"2021";"19";"65";"36";"29";"0";"Germany";"Gender"
"314";"2021-04-25";"2021";"16";"72";"35";"37";"0";"Germany";"Gender"
"315";"2020-08-17";"2020";"34";"8";"6";"2";"0";"Germany";"Gender"
"316";"2020-09-15";"2020";"38";"15";"8";"7";"0";"Germany";"Gender"
"317";"2020-05-12";"2020";"20";"32";"17";"15";"0";"Germany";"Gender"
"318";"2020-05-15";"2020";"20";"32";"18";"14";"0";"Germany";"Gender"
"319";"2020-06-26";"2020";"26";"6";"3";"3";"0";"Germany";"Gender"
"320";"2020-07-31";"2020";"31";"10";"7";"3";"0";"Germany";"Gender"
"321";"2020-05-28";"2020";"22";"9";"5";"4";"0";"Germany";"Gender"
"322";"2020-09-16";"2020";"38";"15";"11";"4";"0";"Germany";"Gender"
"323";"2020-09-20";"2020";"38";"10";"7";"3";"0";"Germany";"Gender"
"324";"2020-06-29";"2020";"27";"4";"2";"2";"0";"Germany";"Gender"
"325";"2021-05-08";"2021";"18";"43";"23";"20";"0";"Germany";"Gender"
"326";"2020-09-29";"2020";"40";"15";"13";"2";"0";"Germany";"Gender"
"327";"2020-06-17";"2020";"25";"7";"3";"4";"0";"Germany";"Gender"
"328";"2020-06-03";"2020";"23";"11";"5";"6";"0";"Germany";"Gender"
"329";"2020-09-09";"2020";"37";"9";"6";"3";"0";"Germany";"Gender"
"330";"2020-09-11";"2020";"37";"12";"7";"5";"0";"Germany";"Gender"
"331";"2021-05-15";"2021";"19";"28";"19";"9";"0";"Germany";"Gender"
"332";"2020-05-09";"2020";"19";"23";"17";"6";"0";"Germany";"Gender"
"333";"2020-05-23";"2020";"21";"11";"4";"7";"0";"Germany";"Gender"
"334";"2020-05-31";"2020";"22";"3";"2";"1";"0";"Germany";"Gender"
"335";"2020-09-06";"2020";"36";"4";"1";"3";"0";"Germany";"Gender"
"336";"2020-10-11";"2020";"41";"24";"12";"12";"0";"Germany";"Gender"
"337";"2021-05-20";"2021";"20";"6";"4";"2";"0";"Germany";"Gender"
"338";"2020-06-02";"2020";"23";"8";"3";"5";"0";"Germany";"Gender"
"339";"2020-06-18";"2020";"25";"3";"0";"3";"0";"Germany";"Gender"
"340";"2020-06-23";"2020";"26";"7";"5";"2";"0";"Germany";"Gender"
"341";"2020-09-08";"2020";"37";"18";"11";"7";"0";"Germany";"Gender"
"342";"2020-05-18";"2020";"21";"23";"9";"14";"0";"Germany";"Gender"
"343";"2020-08-07";"2020";"32";"5";"3";"2";"0";"Germany";"Gender"
"344";"2020-08-27";"2020";"35";"1";"1";"0";"0";"Germany";"Gender"
"345";"2020-10-05";"2020";"41";"35";"19";"16";"0";"Germany";"Gender"
"346";"2020-07-06";"2020";"28";"6";"2";"4";"0";"Germany";"Gender"
"347";"2021-05-10";"2021";"19";"47";"25";"21";"1";"Germany";"Gender"
"348";"2020-07-16";"2020";"29";"7";"6";"1";"0";"Germany";"Gender"
"349";"2020-07-30";"2020";"31";"5";"4";"1";"0";"Germany";"Gender"
"350";"2020-09-22";"2020";"39";"15";"12";"3";"0";"Germany";"Gender"
"351";"2020-05-25";"2020";"22";"13";"5";"8";"0";"Germany";"Gender"
"352";"2020-07-04";"2020";"27";"2";"1";"1";"0";"Germany";"Gender"
"353";"2020-05-26";"2020";"22";"15";"11";"4";"0";"Germany";"Gender"
"354";"2020-05-30";"2020";"22";"4";"1";"3";"0";"Germany";"Gender"
"355";"2020-10-10";"2020";"41";"38";"23";"15";"0";"Germany";"Gender"
"356";"2020-08-24";"2020";"35";"5";"2";"3";"0";"Germany";"Gender"
"357";"2020-07-02";"2020";"27";"4";"2";"2";"0";"Germany";"Gender"
"358";"2020-10-13";"2020";"42";"55";"34";"21";"0";"Germany";"Gender"
"359";"2020-09-19";"2020";"38";"12";"7";"5";"0";"Germany";"Gender"
"360";"2020-09-24";"2020";"39";"17";"8";"9";"0";"Germany";"Gender"
"361";"2020-09-30";"2020";"40";"16";"10";"6";"0";"Germany";"Gender"
"362";"2020-06-16";"2020";"25";"11";"7";"4";"0";"Germany";"Gender"
"363";"2020-08-16";"2020";"33";"5";"4";"1";"0";"Germany";"Gender"
"364";"2020-09-17";"2020";"38";"8";"5";"3";"0";"Germany";"Gender"
"365";"2020-08-20";"2020";"34";"7";"3";"4";"0";"Germany";"Gender"
"366";"2020-06-10";"2020";"24";"10";"6";"4";"0";"Germany";"Gender"
"367";"2020-03-10";"2020";"11";"4";"4";"0";"0";"Germany";"Gender"
"368";"2020-10-07";"2020";"41";"34";"17";"17";"0";"Germany";"Gender"
"369";"2020-10-09";"2020";"41";"42";"17";"25";"0";"Germany";"Gender"
"370";"2020-03-15";"2020";"11";"15";"8";"7";"0";"Germany";"Gender"
"371";"2020-06-08";"2020";"24";"3";"3";"0";"0";"Germany";"Gender"
"372";"2020-07-14";"2020";"29";"2";"1";"1";"0";"Germany";"Gender"
"373";"2020-06-04";"2020";"23";"7";"2";"5";"0";"Germany";"Gender"
"374";"2021-05-23";"2021";"20";"4";"1";"3";"0";"Germany";"Gender"
"375";"2020-09-13";"2020";"37";"8";"3";"5";"0";"Germany";"Gender"
"376";"2020-09-23";"2020";"39";"11";"3";"8";"0";"Germany";"Gender"
"377";"2020-06-01";"2020";"23";"5";"4";"1";"0";"Germany";"Gender"
"378";"2020-08-14";"2020";"33";"5";"3";"2";"0";"Germany";"Gender"
"379";"2020-06-19";"2020";"25";"9";"5";"4";"0";"Germany";"Gender"
"380";"2021-05-21";"2021";"20";"16";"7";"9";"0";"Germany";"Gender"
"381";"2020-06-14";"2020";"24";"6";"2";"4";"0";"Germany";"Gender"
"382";"2020-06-27";"2020";"26";"2";"2";"0";"0";"Germany";"Gender"
"383";"2020-05-27";"2020";"22";"12";"6";"6";"0";"Germany";"Gender"
"384";"2020-09-27";"2020";"39";"7";"5";"2";"0";"Germany";"Gender"
"385";"2020-03-11";"2020";"11";"10";"10";"0";"0";"Germany";"Gender"
"386";"2020-05-24";"2020";"21";"5";"1";"4";"0";"Germany";"Gender"
"387";"2020-06-06";"2020";"23";"5";"0";"5";"0";"Germany";"Gender"
"388";"2020-07-03";"2020";"27";"6";"3";"3";"0";"Germany";"Gender"
"389";"2020-05-03";"2020";"18";"16";"13";"3";"0";"Germany";"Gender"
"390";"2020-07-20";"2020";"30";"4";"2";"2";"0";"Germany";"Gender"
"391";"2020-07-29";"2020";"31";"4";"2";"2";"0";"Germany";"Gender"
"392";"2020-07-07";"2020";"28";"4";"3";"1";"0";"Germany";"Gender"
"393";"2020-07-28";"2020";"31";"4";"3";"1";"0";"Germany";"Gender"
"394";"2020-03-07";"2020";"10";"4";"1";"3";"0";"Germany";"Gender"
"395";"2020-08-19";"2020";"34";"1";"1";"0";"0";"Germany";"Gender"
"396";"2020-08-13";"2020";"33";"2";"1";"1";"0";"Germany";"Gender"
"397";"2020-09-18";"2020";"38";"14";"11";"3";"0";"Germany";"Gender"
"398";"2020-02-20";"2020";"08";"1";"1";"0";"0";"Germany";"Gender"
"399";"2020-06-20";"2020";"25";"4";"1";"3";"0";"Germany";"Gender"
"400";"2020-07-10";"2020";"28";"3";"2";"1";"0";"Germany";"Gender"
"401";"2021-05-26";"2021";"21";"6";"5";"1";"0";"Germany";"Gender"
"402";"2021-05-24";"2021";"21";"2";"0";"2";"0";"Germany";"Gender"
"403";"2020-07-01";"2020";"27";"5";"3";"2";"0";"Germany";"Gender"
"404";"2021-05-19";"2021";"20";"18";"9";"9";"0";"Germany";"Gender"
"405";"2020-08-09";"2020";"32";"2";"1";"1";"0";"Germany";"Gender"
"406";"2020-03-16";"2020";"12";"35";"27";"8";"0";"Germany";"Gender"
"407";"2020-09-03";"2020";"36";"7";"4";"3";"0";"Germany";"Gender"
"408";"2020-09-05";"2020";"36";"8";"4";"4";"0";"Germany";"Gender"
"409";"2020-09-07";"2020";"37";"5";"4";"1";"0";"Germany";"Gender"
"410";"2020-07-25";"2020";"30";"3";"3";"0";"0";"Germany";"Gender"
"411";"2020-07-15";"2020";"29";"6";"5";"1";"0";"Germany";"Gender"
"412";"2020-08-30";"2020";"35";"3";"2";"1";"0";"Germany";"Gender"
"413";"2020-06-09";"2020";"24";"1";"0";"1";"0";"Germany";"Gender"
"414";"2020-08-02";"2020";"31";"1";"0";"1";"0";"Germany";"Gender"
"415";"2020-07-22";"2020";"30";"9";"5";"4";"0";"Germany";"Gender"
"416";"2020-08-29";"2020";"35";"2";"1";"1";"0";"Germany";"Gender"
"417";"2020-08-04";"2020";"32";"5";"3";"2";"0";"Germany";"Gender"
"418";"2020-08-31";"2020";"36";"4";"2";"2";"0";"Germany";"Gender"
"419";"2020-08-08";"2020";"32";"2";"1";"1";"0";"Germany";"Gender"
"420";"2020-03-04";"2020";"10";"2";"1";"1";"0";"Germany";"Gender"
"421";"2020-03-09";"2020";"11";"7";"4";"3";"0";"Germany";"Gender"
"422";"2020-09-02";"2020";"36";"3";"1";"2";"0";"Germany";"Gender"
"423";"2020-07-09";"2020";"28";"5";"2";"3";"0";"Germany";"Gender"
"424";"2020-08-06";"2020";"32";"6";"3";"3";"0";"Germany";"Gender"
"425";"2020-08-11";"2020";"33";"2";"1";"1";"0";"Germany";"Gender"
"426";"2020-07-19";"2020";"29";"4";"2";"2";"0";"Germany";"Gender"
"427";"2020-06-05";"2020";"23";"5";"2";"3";"0";"Germany";"Gender"
"428";"2020-06-13";"2020";"24";"1";"1";"0";"0";"Germany";"Gender"
"429";"2020-08-01";"2020";"31";"1";"1";"0";"0";"Germany";"Gender"
"430";"2020-08-21";"2020";"34";"3";"1";"2";"0";"Germany";"Gender"
"431";"2020-06-24";"2020";"26";"2";"2";"0";"0";"Germany";"Gender"
"432";"2020-07-23";"2020";"30";"3";"2";"1";"0";"Germany";"Gender"
"433";"2020-08-22";"2020";"34";"2";"1";"1";"0";"Germany";"Gender"
"434";"2020-09-01";"2020";"36";"3";"2";"1";"0";"Germany";"Gender"
"435";"2020-05-21";"2020";"21";"7";"3";"4";"0";"Germany";"Gender"
"436";"2020-08-25";"2020";"35";"2";"2";"0";"0";"Germany";"Gender"
"437";"2020-06-21";"2020";"25";"3";"1";"2";"0";"Germany";"Gender"
"438";"2020-07-12";"2020";"28";"1";"1";"0";"0";"Germany";"Gender"
"439";"2020-06-11";"2020";"24";"1";"1";"0";"0";"Germany";"Gender"
"440";"2020-06-07";"2020";"23";"4";"1";"3";"0";"Germany";"Gender"
"441";"2020-03-08";"2020";"10";"1";"1";"0";"0";"Germany";"Gender"
"442";"2020-08-28";"2020";"35";"3";"0";"3";"0";"Germany";"Gender"
"443";"2020-03-05";"2020";"10";"1";"1";"0";"0";"Germany";"Gender"
"444";"2020-06-22";"2020";"26";"1";"0";"1";"0";"Germany";"Gender"
"445";"2020-06-30";"2020";"27";"1";"0";"1";"0";"Germany";"Gender"
