"";"Country_Code";"Country";"Has_cases_by_sex";"Cases_Date";"Cases_sex_deaths";"Cases_Female";"Cases_male";"Death_Date";"Has_deaths_by_sex";"Deaths_Female";"Deaths_Male";"Deaths_confirm_deaths";"Deaths_proportion_male";"Deaths_proportion_female";"NA";"NA"
"1";"AF";"Afghanistan";"Yes";"2021/01/12";51383;"67.79%";"32.21%";"2021/01/12";1909;"72.81%";"27.19%";"2021/01/12";"3.99%";"3.14%";"1.27";"http://covid.moph-dw.org/#/"
"2";"AL";"Albania";"Yes";"2021/01/18";67982;"48%";"52%";"2021/01/18";1281;"67%";"33%";"2021/01/18";"2.63%";"1.2%";"2.2";"https://coronavirus.al/statistika/"
"3";"DZ";"Algeria";"Partial";"2020/11/12";55630;"53.8%";"46.2%";"";NA;"";"";"";"";"";"";"https://corona-dz.live/"
"4";"AD";"Andorra";"No";"";NA;"";"";"";NA;"";"";"";"";"";"";"https://www.govern.ad/coronavirus"
"5";"AO";"Angola";"No";"";NA;"";"";"";NA;"";"";"";"";"";"";"https://www.cisp.gov.ao:10443/en/covid-19-angola-com-355-novas-infeccoes-e-47-recuperados/?utm_source=rss&utm_medium=rss&utm_campaign=covid-19-angola-com-355-novas-infeccoes-e-47-recuperados"
"6";"AR";"Argentina";"Yes";"2021/01/18";1784447;"49.91%";"50.09%";"2021/01/18";44127;"58%";"42%";"2021/01/18";"2.87%";"2.07%";"1.39";"https://www.argentina.gob.ar/salud/coronavirus-COVID-19/sala-situacion"
"7";"AM";"Armenia";"Partial";"";NA;"";"";"2020/10/28";1243;"53.5%";"46.5%";"";"";"";"";"https://ampop.am/covid19-coronavirus-dynamic-statistics-in-armenia/"
"8";"AW";"Aruba";"No";"";NA;"";"";"";NA;"";"";"";"";"";"";"https://www.arubacovid19.org/"
"9";"AU";"Australia";"Yes";"2021/01/19";28628;"48.97%";"51.03%";"2021/01/19";910;"48.46%";"51.54%";"2021/01/19";"3.15%";"3.21%";"0.98";"https://www.health.gov.au/news/health-alerts/novel-coronavirus-2019-ncov-health-alert/coronavirus-covid-19-current-situation-and-case-numbers"
"10";"AT";"Austria";"Yes";"2021/01/20";395081;"48.47%";"51.53%";"2021/01/20";7169;"52.25%";"47.75%";"2021/01/20";"1.96%";"1.68%";"1.16";"https://www.sozialministerium.at/Informationen-zum-Coronavirus/Neuartiges-Coronavirus-(2019-nCov).html"
"11";"AZ";"Azerbaijan";"Partial";"2021/01/15";226549;"46%";"54%";"";NA;"";"";"";"";"";"";"https://koronavirusinfo.az/az/page/statistika/azerbaycanda-cari-veziyyet"
"12";"BS";"Bahamas";"No";"";NA;"";"";"";NA;"";"";"";"";"";"";"https://www.facebook.com/MOHBahamas/"
"13";"BH";"Bahrain";"Partial";"2020/07/06";6081;"88%";"12%";"";NA;"";"";"";"";"";"";"https://www.moh.gov.bh/"
"14";"BD";"Bangladesh";"Yes";"2021/01/19";528329;"71%";"29%";"2021/01/19";7922;"77%";"23%";"2021/01/19";"1.63%";"1.19%";"1.37";"https://covid19bd.idare.io/"
"15";"BY";"Belarus";"No";"";NA;"";"";"";NA;"";"";"";"";"";"";"http://stopcovid.belta.by/"
"16";"BE";"Belgium";"Yes";"2021/01/17";677465;"44.66%";"55.34%";"2021/01/17";20411;"49.15%";"50.85%";"2021/01/17";"3.32%";"2.77%";"1.2";"https://epistat.wiv-isp.be/Covid/covid-19.html"
"17";"BZ";"Belize";"Yes";"2021/01/18";11592;"52.54%";"47.46%";"2021/01/18";282;"66.67%";"33.33%";"2021/01/18";"3.09%";"1.71%";"1.81";"https://www.facebook.com/Belizehealth/"
"18";"BJ";"Benin";"No";"";NA;"";"";"";NA;"";"";"";"";"";"";"https://www.gouv.bj/coronavirus/flashinfos/"
"19";"BM";"Bermuda";"No";"";NA;"";"";"";NA;"";"";"";"";"";"";"https://www.gov.bm/coronavirus-covid19-update"
"20";"BT";"Bhutan";"Yes";"2021/01/17";843;"67.38%";"32.62%";"2021/01/17";1;"100%";"0%";"2021/01/17";"0.18%";"";"1";"https://www.facebook.com/MoHBhutan"
"21";"BO";"Bolivia";"No";"";NA;"";"";"";NA;"";"";"";"";"";"";"https://www.boliviasegura.gob.bo/"
"22";"BA";"Bosnia and Herzegovina";"Yes";"2021/01/19";76455;"51.7%";"48.3%";"2021/01/18";2262;"64.55%";"35.46%";"2021/01/18";"3.69%";"2.17%";"1.7";"https://covid-19.ba/"
"23";"BW";"Botswana";"Partial";"2020/07/17";48;"83%";"17%";"2020/09/28";15;"40%";"60%";"";"";"";"";"https://covid19portal.gov.bw/data-dashboard?v=202005211151"
"24";"BR";"Brazil";"Yes";"2020/12/05";529433;"56.15%";"43.85%";"2020/12/19";182860;"57.54%";"42.46%";"2020/12/05";"33.56%";"31.61%";"1.06";"https://covid.saude.gov.br/"
"25";"BG";"Bulgaria";"Partial";"2020/05/25";2443;"49%";"51%";"";NA;"";"";"";"";"";"";"https://coronavirus.bg/bg/news/424"
"26";"BF";"Burkina Faso";"Yes";"2021/01/17";9352;"63.07%";"36.93%";"2020/08/25";55;"74.51%";"25.49%";"2020/08/25";"4.63%";"3%";"1.54";"https://lefaso.net/spip.php?article102073"
"27";"BI";"Burundi";"No";"";NA;"";"";"";NA;"";"";"";"";"";"";"https://covid19.who.int/region/afro/country/bi"
"28";"CV";"Cabo Verde";"Yes";"2021/01/18";13046;"47.51%";"52.49%";"2020/12/27";112;"58.04%";"41.96%";"2020/12/27";"1.17%";"0.76%";"1.53";"https://covid19.cv/"
"29";"KH";"Cambodia";"Yes";"2021/01/11";392;"71.68%";"28.32%";"2021/01/11";NA;"0%";"0%";"2021/01/11";"";"";"1";"https://www.who.int/docs/default-source/wpro---documents/countries/cambodia/covid-19/covid-19-joint-who-moh-sitrep-28.pdf?sfvrsn=6178a0a2_5"
"30";"CM";"Cameroon";"No";"";NA;"";"";"";NA;"";"";"";"";"";"";"https://covid19.who.int/region/afro/country/cm"
"31";"CA";"Canada";"Yes";"2021/01/14";679079;"48.34%";"51.66%";"2021/01/14";17315;"48.24%";"51.76%";"2021/01/14";"2.54%";"2.56%";"1";"https://health-infobase.canada.ca/covid-19/epidemiological-summary-covid-19-cases.html#a7"
"32";"CF";"Central African Republic";"Partial";"2020/10/07";4854;"73.49%";"26.51%";"";NA;"";"";"";"";"";"";"https://covid19.who.int/region/afro/country/cf"
"33";"TD";"Chad";"Yes";"2020/12/22";1658;"70.93%";"29.07%";"2020/12/22";100;"76%";"24%";"2020/12/22";"6.46%";"4.98%";"1.3";"https://www.humanitarianresponse.info/sites/www.humanitarianresponse.info/files/documents/files/sitrep_covid-19_n_274_22_decembre-2020.pdf"
"34";"CL";"Chile";"Yes";"2021/01/19";740667;"50.27%";"49.73%";"2020/05/07";294;"60%";"40%";"2020/05/07";"1.28%";"0.97%";"1.32";"https://www.gob.cl/coronavirus/cifrasoficiales/"
"35";"CN";"China";"Yes";"2020/02/28";55924;"51%";"49%";"2020/02/28";2114;"64%";"36%";"2020/02/28";"4.7%";"2.8%";"1.68";"http://en.nhc.gov.cn/2021-01/06/c_82666.htm"
"36";"CO";"Colombia";"Yes";"2021/01/20";1956979;"48.91%";"51.09%";"2021/01/20";49792;"63.76%";"36.24%";"2021/01/20";"3.32%";"1.8%";"1.84";"https://www.ins.gov.co/Noticias/Paginas/Coronavirus.aspx"
"37";"KM";"Comoros";"No";"";NA;"";"";"";NA;"";"";"";"";"";"";"https://stopcoronavirus.km/"
"38";"CG";"Congo";"Partial";"2020/11/15";5632;"71.5%";"28.5%";"";NA;"";"";"";"";"";"";"http://sante.gouv.cg/wp-content/uploads/2020/11/SITREP-N-111-COVID-19-CONGO-16-11-2020-1.pdf"
"39";"CR";"Costa Rica";"Yes";"2021/01/19";186877;"50.82%";"49.18%";"2021/01/19";2477;"62.37%";"37.63%";"2021/01/19";"1.63%";"1.01%";"1.6";"https://www.ministeriodesalud.go.cr/index.php/centro-de-prensa/noticias/741-noticias-2020/1725-situacion-nacional-covid-19"
"40";"CI";"Cote d'Ivoire";"No";"";NA;"";"";"";NA;"";"";"";"";"";"";"https://web.facebook.com/134159806749722/posts/communique-du-ministere-de-la-sante-et-de-lhygienepublique-point-de-la-situation/1811256595706693/?_rdc=1&_rdr"
"41";"HR";"Croatia";"Partial";"2021/01/18";225648;"47.84%";"52.16%";"";NA;"";"";"";"";"";"";"https://koronavirus.hr/podaci/489"
"42";"CU";"Cuba";"Partial";"2020/12/13";9492;"53.19%";"46.81%";"2021/01/18";175;"58.86%";"41.14%";"";"";"";"";"https://covid19cubadata.github.io/#cuba"
"43";"CW";"Cura√ßao";"No";"";NA;"";"";"";NA;"";"";"";"";"";"";"https://www.facebook.com/GobiernuKorsou/"
"44";"CY";"Cyprus";"Partial";"2021/01/18";29130;"48.7%";"51.3%";"";NA;"";"";"";"";"";"";"https://covid19.ucy.ac.cy/"
"45";"CZ";"Czech Republic";"Yes";"2021/01/17";892862;"47.58%";"52.42%";"2021/01/17";14609;"56.42%";"43.58%";"2021/01/17";"1.94%";"1.36%";"1.43";"https://onemocneni-aktualne.mzcr.cz/api/v2/covid-19"
"46";"CD";"DRC";"No";"";NA;"";"";"";NA;"";"";"";"";"";"";"https://www.stopcoronavirusrdc.info/"
"47";"KP";"Dem. People's Republic of Korea";"No";"";NA;"";"";"";NA;"";"";"";"";"";"";""
"48";"DK";"Denmark";"Yes";"2021/01/18";189895;"48.65%";"51.35%";"2021/01/12";1623;"55.45%";"44.55%";"2021/01/04";"0.82%";"0.62%";"1.32";"https://covid19.ssi.dk/"
"49";"DJ";"Djibouti";"Partial";"2020/06/02";3779;"68%";"32%";"";NA;"";"";"";"";"";"";"https://covid19.gouv.dj/"
"50";"DO";"Dominican Republic";"Yes";"2020/08/28";93732;"51%";"49%";"2020/08/30";1710;"66%";"34%";"2020/08/28";"2.37%";"1.26%";"1.88";"https://www.msp.gob.do/web/?page_id=6948#1586785071781-f0e8c057-f5f4"
"51";"EC";"Ecuador";"Yes";"2021/01/18";231644;"52.47%";"47.53%";"2021/01/18";14322;"66.47%";"33.53%";"2021/01/18";"7.83%";"4.36%";"1.8";"https://public.tableau.com/profile/direcci.n.nacional.de.vigilancia.epidemiol.gica.msp#!/vizhome/COVID19ecu_MSP_DNVE/COVID-19MSP"
"52";"EG";"Egypt";"No";"";NA;"";"";"";NA;"";"";"";"";"";"";"https://web.facebook.com/egypt.mohp/photos/a.122315979319023/231141518436468/?type=3&theater"
"53";"SV";"El Salvador";"Partial";"2021/01/19";51437;"50.8%";"49.2%";"";NA;"";"";"";"";"";"";"https://covid19.gob.sv/"
"54";"";"England";"Yes";"2021/01/17";2990462;"46.16%";"53.84%";"2021/01/17";88675;"55.52%";"44.48%";"2021/01/17";"3.57%";"2.45%";"1.46";"https://www.gov.uk/government/statistics/national-flu-and-covid-19-surveillance-reports"
"55";"GQ";"Equatorial Guinea";"Yes";"2021/01/15";4862;"59.05%";"40.95%";"2021/01/15";86;"70.24%";"29.76%";"2021/01/15";"2.12%";"1.26%";"1.69";"https://www.guineasalud.org/archivos/Informes/Informe150121.pdf"
"56";"ER";"Eritrea";"No";"";NA;"";"";"";NA;"";"";"";"";"";"";"https://shabait.com/2021/01/15/announcement-from-the-ministry-of-health-106/"
"57";"EE";"Estonia";"Yes";"2021/01/21";39137;"45.59%";"54.41%";"2021/01/18";333;"50.45%";"49.55%";"2021/01/04";"0.84%";"0.81%";"1.04";"https://koroonakaart.ee/en"
"58";"SZ";"Eswatini";"Yes";"2021/01/04";10138;"48.28%";"51.72%";"2021/01/04";244;"55.33%";"44.67%";"2020/10/11";"2.34%";"1.69%";"1.38";"http://www.gov.sz/images/CORONA/Health-statement-COVID-04-JANUARY-2021-FINAL-1.pdf"
"59";"ET";"Ethiopia";"Partial";"2020/06/29";5846;"61%";"39%";"";NA;"";"";"";"";"";"";"https://twitter.com/FMoHealth/status/1351234512630505475/photo/2"
"60";"FI";"Finland";"Yes";"2021/01/18";40722;"51.5%";"48.5%";"2021/01/18";614;"49.84%";"50.16%";"2021/01/18";"1.46%";"1.56%";"0.94";"https://sampo.thl.fi/pivot/prod/en/epirapo/covid19case/fact_epirapo_covid19case?row=sex-444328&column=measure-141082"
"61";"FR";"France";"Yes";"2021/01/12";2731177;"46.06%";"53.94%";"2021/01/14";48045;"58.44%";"41.56%";"2021/01/14";"2.23%";"1.36%";"1.65";"https://dc-covid.site.ined.fr/en/data/france/"
"62";"PF";"French Polynesia";"Partial";"2020/10/04";2228;"49%";"51%";"2020/09/29";7;"42.86%";"57.14%";"";"";"";"";"https://www.service-public.pf/"
"63";"GA";"Gabon";"Partial";"2020/08/26";8409;"40%";"60%";"";NA;"";"";"";"";"";"";"https://infocovid.ga/cartographie-epidemiologique/"
"64";"GM";"Gambia";"Partial";"2021/01/17";3898;"59.11%";"40.89%";"";NA;"";"";"";"";"";"";"http://www.moh.gov.gm/covid-19-report/"
"65";"GE";"Georgia";"No";"";NA;"";"";"";NA;"";"";"";"";"";"";"https://stopcov.ge/en/"
"66";"DE";"Germany";"Yes";"2021/01/20";2070881;"47.11%";"52.89%";"2021/01/20";49632;"51.68%";"48.32%";"2021/01/20";"2.63%";"2.19%";"1.2";"https://www.rki.de/DE/Content/InfAZ/N/Neuartiges_Coronavirus/Situationsberichte/Gesamt.html"
"67";"GH";"Ghana";"Partial";"2021/01/19";58065;"58%";"42%";"";NA;"";"";"";"";"";"";"https://ghanahealthservice.org/covid19/"
"68";"GI";"Gibraltar";"Partial";"";NA;"";"";"2021/01/06";10;"80%";"20%";"";"";"";"";"https://healthygibraltar.org/news/update-on-wuhan-coronavirus/"
"69";"GR";"Greece";"Yes";"2021/01/18";144207;"51.98%";"48.02%";"2021/01/18";5488;"58.87%";"41.13%";"2021/01/18";"4.31%";"3.26%";"1.32";"https://eody.gov.gr/wp-content/uploads/2021/01/covid-gr-daily-report-20210118.pdf"
"70";"GL";"Greenland";"No";"";NA;"";"";"";NA;"";"";"";"";"";"";"https://nun.gl/emner/borgere/coronavirus_emne/foelg_smittespredningen?sc_lang=da"
"71";"GT";"Guatemala";"Yes";"2021/01/19";148183;"55.89%";"44.11%";"2021/01/19";5188;"71.32%";"28.68%";"2021/01/19";"4.47%";"2.28%";"1.96";"https://tablerocovid.mspas.gob.gt/"
"72";"GG";"Guernsey";"Partial";"2020/05/11";252;"37%";"63%";"2021/01/18";13;"38.46%";"61.54%";"";"";"";"";"https://covid19.gov.gg/test-results"
"73";"GN";"Guinea";"Partial";"2021/01/13";14172;"72%";"28%";"";NA;"";"";"";"";"";"";"https://anss-guinee.org/assets/document/DOC_1610716881456355309600196d114f6b.pdf"
"74";"GW";"Guinea-Bissau";"No";"";NA;"";"";"";NA;"";"";"";"";"";"";"https://covid19gb.com/"
"75";"GY";"Guyana";"Partial";"2021/01/19";6931;"51.23%";"48.77%";"";NA;"";"";"";"";"";"";"https://www.health.gov.gy/"
"76";"HT";"Haiti";"Yes";"2021/01/16";10907;"56.7%";"43.3%";"2021/01/16";240;"60.83%";"39.17%";"2021/01/16";"2.36%";"1.99%";"1.19";"https://mspp.gouv.ht/site/downloads/Sitrep%20COVID-19_16-01-2021.pdf"
"77";"HN";"Honduras";"Partial";"2020/09/14";67789;"52%";"48%";"";NA;"";"";"";"";"";"";"https://covid19honduras.org/"
"78";"HK";"Hong Kong";"Yes";"2021/01/17";9558;"48.33%";"51.67%";"2021/01/17";163;"59.51%";"40.49%";"2021/01/17";"2.1%";"1.34%";"1.57";"https://www.chp.gov.hk/files/pdf/local_situation_covid19_en.pdf"
"79";"HU";"Hungary";"Partial";"";NA;"";"";"2021/01/18";11520;"49.24%";"50.76%";"";"";"";"";"https://koronavirus.gov.hu/elhunytak"
"80";"IS";"Iceland";"Partial";"2020/06/21";1823;"50%";"50%";"";NA;"";"";"";"";"";"";"https://www.covid.is/data"
"81";"IN";"India";"Yes";"2020/09/01";2877791;"65%";"35%";"2020/05/21";3711;"64%";"36%";"2020/04/06";"2.62%";"3.07%";"0.85";"https://ncdc.gov.in/dashboard.php"
"82";"ID";"Indonesia";"Yes";"2021/01/19";939948;"49.66%";"50.34%";"2021/01/19";26857;"56.47%";"43.53%";"2021/01/19";"3.25%";"2.47%";"1.32";"https://covid19.go.id/peta-sebaran"
"83";"IR";"Iran";"Yes";"2020/03/17";14991;"57%";"43%";"2020/03/17";853;"59%";"41%";"2020/03/17";"5.89%";"5.43%";"1.09";"http://corona.behdasht.gov.ir/"
"84";"IQ";"Iraq";"Yes";"2021/01/19";604538;"53.73%";"46.27%";"2021/01/19";12953;"54.5%";"45.5%";"2021/01/19";"2.17%";"2.11%";"1.03";"https://app.powerbi.com/view?r=eyJrIjoiNjljMDhiYmItZTlhMS00MDlhLTg3MjItMDNmM2FhNzE5NmM4IiwidCI6ImY2MTBjMGI3LWJkMjQtNGIzOS04MTBiLTNkYzI4MGFmYjU5MCIsImMiOjh9"
"85";"IL";"Israel";"Yes";"2021/01/18";556472;"50.41%";"49.59%";"2021/01/18";4052;"58%";"42%";"2021/01/18";"0.84%";"0.62%";"1.36";"https://datadashboard.health.gov.il/COVID-19/?utm_source=go.gov.il&utm_medium=referral"
"86";"IT";"Italy";"Yes";"2021/01/13";2296432;"48.39%";"51.61%";"2021/01/13";78597;"56.62%";"43.38%";"2021/01/13";"4%";"2.88%";"1.39";"https://www.epicentro.iss.it/coronavirus/bollettino/Bollettino-sorveglianza-integrata-COVID-19_13-gennaio-2021.pdf"
"87";"JM";"Jamaica";"Yes";"2021/01/19";13758;"45.51%";"54.49%";"2021/01/19";313;"55.27%";"44.73%";"2021/01/19";"2.76%";"1.87%";"1.48";"https://jamcovid19.moh.gov.jm/"
"88";"JP";"Japan";"Partial";"2020/06/22";17301;"55%";"45%";"";NA;"";"";"";"";"";"";"https://www.niid.go.jp/niid/en/2019-ncov-e.html"
"89";"JE";"Jersey";"Yes";"2021/01/18";3077;"46%";"54%";"2021/01/18";62;"58%";"42%";"2021/01/18";"2.54%";"1.57%";"1.62";"https://www.gov.je/Health/Coronavirus/Pages/CoronavirusCases.aspx"
"90";"JO";"Jordan";"Yes";"2021/01/18";308987;"53%";"47%";"2021/01/18";4086;"64.34%";"35.66%";"2021/01/18";"1.61%";"1%";"1.6";"https://corona.moh.gov.jo/en"
"91";"KZ";"Kazakhstan";"Partial";"2020/06/08";9452;"61%";"39%";"";NA;"";"";"";"";"";"";"https://hls.kz/"
"92";"KE";"Kenya";"Yes";"2021/01/19";99308;"63.48%";"36.52%";"2021/01/19";1734;"70.36%";"29.64%";"2021/01/19";"1.94%";"1.42%";"1.37";"https://www.health.go.ke/#1591180376422-52af4c1e-256b"
"93";"KW";"Kuwait";"No";"";NA;"";"";"";NA;"";"";"";"";"";"";"https://corona.e.gov.kw/en"
"94";"KG";"Kyrgyzstan";"Yes";"2020/07/16";12498;"47%";"53%";"2020/07/16";155;"62%";"38%";"2020/07/16";"1.63%";"0.89%";"1.83";"http://www.med.kg/en/informatsii-2/2095-statistics-on-covid-19-in-kyrgyzstan-as-of-july-6-2020.html"
"95";"LV";"Latvia";"Yes";"2021/01/18";55908;"43.07%";"56.93%";"2021/01/18";1012;"50%";"50%";"2021/01/18";"2.1%";"1.59%";"1.32";"https://spkc.gov.lv/lv/tavai-veselibai/aktualitate-par-jauno-koronavi"
"96";"LB";"Lebanon";"Partial";"2021/01/19";260315;"54%";"46%";"2020/07/06";36;"31%";"69%";"";"";"";"";"https://www.facebook.com/wholeb/photos/pcb.5095688197139110/5095496683824928/"
"97";"LS";"Lesotho";"No";"";NA;"";"";"";NA;"";"";"";"";"";"";"https://www.gov.ls/wp-content/uploads/2021/01/Revised-Final-Lesotho-COVID-19-Status-Mitigation-Measures-01012021.pdf"
"98";"LR";"Liberia";"Yes";"2021/01/18";1898;"65.65%";"34.35%";"2021/01/18";84;"65.48%";"34.52%";"2021/01/18";"4.41%";"4.45%";"0.99";"https://web.facebook.com/164280647325112/photos/a.347331779019997/1188185858267914/"
"99";"LY";"Libya";"No";"";NA;"";"";"";NA;"";"";"";"";"";"";"https://ncdc.org.ly/Ar/libyan-covid-19-dashboard/"
"100";"LI";"Liechtenstein";"Partial";"2021/01/17";2274;"48.02%";"51.98%";"";NA;"";"";"";"";"";"";"https://www.llv.li/inhalt/118804/amtsstellen/sonderseite-covid-19"
"101";"LT";"Lithuania";"Partial";"2021/01/19";168244;"43.49%";"56.51%";"2020/06/01";70;"47%";"53%";"";"";"";"";"https://open-data-ls-osp-sdg.hub.arcgis.com/datasets/034590b3317d46c0aa2717d0e87760d8_0?geometry=-3.889%2C50.494%2C51.613%2C59.295&selectedAttribute=gender"
"102";"LU";"Luxembourg";"Yes";"2021/01/19";48975;"50%";"50%";"2021/01/19";560;"56%";"44%";"2021/01/19";"1.28%";"1.01%";"1.27";"https://covid19.public.lu/fr/graph.html"
"103";"MG";"Madagascar";"No";"";NA;"";"";"";NA;"";"";"";"";"";"";"https://web.facebook.com/orangeactu/photos/pcb.2807191242884338/2807190892884373/?_rdc=1&_rdr"
"104";"MW";"Malawi";"Yes";"2021/01/05";6893;"67.85%";"32.15%";"2021/01/05";196;"76.02%";"23.98%";"2021/01/05";"3.19%";"2.12%";"1.5";"https://malawipublichealth.org/index.php/resources/COVID-19%20Daily%20situation%20Reports/January%202021/Week%201%202021_Malawi%20COVID-19%20weekly%20situation%20report_20210112.pdf/detail"
"105";"MY";"Malaysia";"Partial";"";NA;"";"";"2020/11/09";300;"68.33%";"31.67%";"";"";"";"";"https://ukkdosm.github.io/covid-19"
"106";"MV";"Maldives";"Yes";"2021/01/19";14562;"68.29%";"31.71%";"2021/01/19";49;"67.35%";"32.65%";"2021/01/19";"0.33%";"0.35%";"0.96";"https://covid19.health.gov.mv/dashboard/"
"107";"ML";"Mali";"Partial";"2021/01/22";7911;"64%";"36%";"";NA;"";"";"";"";"";"";"https://insp.ml/covid-19-mali/"
"108";"MT";"Malta";"Partial";"2020/07/22";674;"60%";"40%";"";NA;"";"";"";"";"";"";"https://deputyprimeminister.gov.mt/en/health-promotion/covid-19/Pages/covid-19-infographics.aspx"
"109";"MR";"Mauritania";"No";"";NA;"";"";"";NA;"";"";"";"";"";"";"https://alakhbar.info/?q=node/30499"
"110";"MU";"Mauritius";"No";"";NA;"";"";"";NA;"";"";"";"";"";"";"https://covid19.mu/"
"111";"MX";"Mexico";"Yes";"2021/01/18";1648074;"50.2%";"49.8%";"2021/01/19";140789;"63.27%";"36.73%";"2021/01/19";"10.77%";"6.3%";"1.71";"https://coronavirus.gob.mx/datos/"
"112";"MD";"Moldova";"Yes";"2021/01/18";153506;"41.22%";"58.78%";"2021/01/18";3282;"51.34%";"48.66%";"2021/01/18";"2.66%";"1.77%";"1.5";"http://gismoldova.maps.arcgis.com/apps/opsdashboard/index.html#/d274da857ed345efa66e1fbc959b021b"
"113";"MC";"Monaco";"No";"";NA;"";"";"";NA;"";"";"";"";"";"";"https://en.gouv.mc/A-la-Une-du-Portail/Covid-19-One-New-Positive-Case-and-six-Recoveries-on-Monday-23-November"
"114";"MN";"Mongolia";"Yes";"2020/11/10";374;"70.05%";"29.95%";"2020/08/04";NA;"";"";"2020/08/04";"";"";"1";"https://covid19.mohs.mn/p/cat/post/57/"
"115";"ME";"Montenegro";"Partial";"2021/01/15";55766;"50.09%";"49.91%";"";NA;"";"";"";"";"";"";"https://www.ijzcg.me/"
"116";"MA";"Morocco";"Yes";"2020/07/18";17015;"53%";"47%";"2020/09/21";1855;"66.31%";"33.69%";"2020/07/18";"2.98%";"1.65%";"1.8";"https://covidata.2m.ma/#/fr/stats"
"117";"MZ";"Mozambique";"Partial";"2021/01/18";27446;"54.2%";"45.8%";"";NA;"";"";"";"";"";"";"https://www.misau.gov.mz/index.php/covid-19-boletins-diarios"
"118";"MM";"Myanmar";"Yes";"2020/09/10";2265;"53%";"47%";"2020/09/28";226;"64.16%";"35.84%";"2020/09/01";"1%";"0.26%";"3.84";"https://datastudio.google.com/u/0/reporting/445c1281-c6ea-45e4-9bc0-5d561c511354/page/I44CB"
"119";NA;"Namibia";"No";"";NA;"";"";"";NA;"";"";"";"";"";"";"facebook.com/MoHSSNamibia/"
"120";"NP";"Nepal";"Yes";"2021/01/19";267992;"65.04%";"34.96%";"2021/01/05";1890;"70.11%";"29.89%";"2021/01/05";"0.78%";"0.62%";"1.26";"https://covid19.mohp.gov.np/?fbclid=IwAR2_KRxuwxtNk7K92UnPF9Y3IVqh9ZDOzgc3l946lZJiLwtdOlHp6v6BZP8"
"121";"NL";"Netherlands";"Yes";"2021/01/19";921489;"46.24%";"53.76%";"2021/01/19";13162;"54.25%";"45.75%";"2021/01/19";"1.68%";"1.22%";"1.38";"https://www.rivm.nl/sites/default/files/2021-01/COVID-19_WebSite_rapport_wekelijks_20210119_1259_final.pdf"
"122";"NZ";"New Zealand";"Yes";"2021/01/18";2260;"47.65%";"52.35%";"2021/01/18";25;"56%";"44%";"2021/01/18";"1.3%";"0.93%";"1.4";"https://www.health.govt.nz/our-work/diseases-and-conditions/covid-19-novel-coronavirus/covid-19-data-and-statistics/covid-19-case-demographics"
"123";"NI";"Nicaragua";"No";"";NA;"";"";"";NA;"";"";"";"";"";"";"https://www.el19digital.com/Coronavirus/articulo/titulo:104282-conozca-el-informe-actualizado-de-la-situacion-de-la-covid-19-en-nicaragua"
"124";"NE";"Niger";"No";"";NA;"";"";"";NA;"";"";"";"";"";"";"https://coronavirus.ne/"
"125";"NG";"Nigeria";"Yes";"2021/01/10";81555;"60.97%";"39.03%";"2020/11/15";1218;"75.29%";"24.71%";"2020/11/15";"2.26%";"1.28%";"1.76";"https://ncdc.gov.ng/diseases/sitreps/?cat=14&name=An%20update%20of%20COVID-19%20outbreak%20in%20Nigeria"
"126";"MK";"North Macedonia";"Yes";"2021/01/18";88992;"50.99%";"49.01%";"2021/01/18";2715;"62.83%";"37.17%";"2021/01/18";"3.76%";"2.31%";"1.62";"https://gdi-sk.maps.arcgis.com/apps/opsdashboard/index.html?fbclid=IwAR0Dd9MY7njiNtDkPpPt8R2SeD4pW_6TO12axwKrT4CcegckY4P4Ezt43f4#/2096bd4b051b42948ac3f5747e80c3a5"
"127";"";"Northern Ireland";"Yes";"2021/01/19";97584;"46.21%";"53.79%";"2021/01/20";1670;"52.04%";"47.96%";"2021/01/20";"1.93%";"1.53%";"1.26";"https://app.powerbi.com/view?r=eyJrIjoiZGYxNjYzNmUtOTlmZS00ODAxLWE1YTEtMjA0NjZhMzlmN2JmIiwidCI6IjljOWEzMGRlLWQ4ZDctNGFhNC05NjAwLTRiZTc2MjVmZjZjNSIsImMiOjh9"
"128";"NO";"Norway";"Yes";"2021/01/20";59887;"53.08%";"46.92%";"2021/01/20";544;"52.76%";"47.24%";"2021/01/20";"0.9%";"0.91%";"0.99";"https://www.fhi.no/en/id/infectious-diseases/coronavirus/daily-reports/daily-reports-COVID19/"
"129";"OM";"Oman";"No";"";NA;"";"";"";NA;"";"";"";"";"";"";"https://covid19.moh.gov.om/#/home"
"130";"PK";"Pakistan";"Yes";"2020/08/18";289832;"74%";"26%";"2020/08/18";6190;"74%";"26%";"2020/08/18";"2.14%";"2.12%";"1.01";"http://covid.gov.pk/stats/pakistan"
"131";"PS";"Palestine";"Partial";"2021/01/19";152559;"49.65%";"50.35%";"";NA;"";"";"";"";"";"";"https://app.powerbi.com/view?r=eyJrIjoiODJlYWM1YTEtNDAxZS00OTFlLThkZjktNDA1ODY2OGQ3NGJkIiwidCI6ImY2MTBjMGI3LWJkMjQtNGIzOS04MTBiLTNkYzI4MGFmYjU5MCIsImMiOjh9"
"132";"PA";"Panama";"Yes";"2020/08/14";79402;"54%";"46%";"2020/06/05";373;"68%";"32%";"2020/06/05";"2.78%";"1.89%";"1.47";"http://minsa.b-cdn.net/sites/default/files/publicacion-general"
"133";"PG";"Papua New Guinea";"No";"";NA;"";"";"";NA;"";"";"";"";"";"";"https://covid19.papua.go.id/#monitor"
"134";"PY";"Paraguay";"Yes";"2021/01/10";122588;"48.86%";"51.14%";"2021/01/19";2519;"92.09%";"7.91%";"2021/01/03";"2.55%";"1.58%";"1.62";"https://www.mspbs.gov.py/reporte-covid19.html"
"135";"PE";"Peru";"Yes";"2021/01/15";1060414;"51.59%";"48.41%";"2021/01/15";38760;"68.24%";"31.76%";"2021/01/15";"4.83%";"2.4%";"2.02";"https://www.datosabiertos.gob.pe/group/datos-abiertos-de-covid-19?sort_by=changed&f%5B0%5D=field_tags%3A913&f%5B1%5D=field_tags%3A489"
"136";"PH";"Philippines";"Yes";"2021/01/20";505939;"54.09%";"45.91%";"2021/01/20";10042;"60.19%";"39.81%";"2021/01/20";"2.21%";"1.72%";"1.28";"https://ncovtracker.doh.gov.ph/"
"137";"PL";"Poland";"Partial";"";NA;"";"";"2020/11/18";11254;"58.41%";"41.59%";"";"";"";"";"https://docs.google.com/spreadsheets/d/1ierEhD6gcq51HAm433knjnVwey4ZE5DCnu1bW7PRG3E/htmlview?fbclid=IwAR3diFvPqpkq0Kam18jvA9Y2uxq8ihE0DGeynwPJSlwtOeTCcWgGHgK47AM#"
"138";"PT";"Portugal";"Yes";"2021/01/19";566776;"45.03%";"54.97%";"2021/01/19";9246;"51.99%";"48.01%";"2021/01/19";"1.88%";"1.42%";"1.32";"https://covid19.min-saude.pt/ponto-de-situacao-atual-em-portugal/"
"139";"QA";"Qatar";"Partial";"2020/04/28";12156;"91%";"9%";"";NA;"";"";"";"";"";"";"https://covid19.moph.gov.qa/EN/Pages/default.aspx"
"140";"IE";"Republic of Ireland";"Yes";"2021/01/16";172651;"47.38%";"52.62%";"2021/01/16";2616;"52.1%";"47.9%";"2021/01/16";"1.67%";"1.38%";"1.21";"https://www.hpsc.ie/a-z/respiratory/coronavirus/novelcoronavirus/surveillance/epidemiologyofcovid-19inirelandweeklyreports/COVID-19%20Weekly%20Report_%20Week%202_%20Slidset_HPSC%20-%20Website.pdf"
"141";"RO";"Romania";"Yes";"2021/01/17";695153;"46.11%";"53.89%";"2021/01/17";17721;"58.5%";"41.5%";"2021/01/17";"3.23%";"1.96%";"1.65";"https://www.cnscbt.ro/index.php/analiza-cazuri-confirmate-covid19/2226-raport-saptamanal-episaptamana02-2021/file"
"142";"RU";"Russia";"No";"";NA;"";"";"";NA;"";"";"";"";"";"";"https://xn--80aesfpebagmfblc0a.xn--p1ai/"
"143";"RW";"Rwanda";"Partial";"2021/01/19";11259;"63.9%";"36.1%";"";NA;"";"";"";"";"";"";"https://gis.rbc.gov.rw/portal/apps/opsdashboard/index.html#/59872985985446bbaf8c394ad857c5cd"
"144";"SM";"San Marino";"No";"";NA;"";"";"";NA;"";"";"";"";"";"";"https://www.pa.sm/SASVisualAnalyticsViewer/VisualAnalyticsViewer_guest.jsp?reportSBIP=SBIP%3A%2F%2FMETASERVER%2FShared%20Data%2FReportGuest%2FCOVID19%20-%20Cruscotto%20Pubblico(Report)&page=vi1&informationEnabled=false&commentsEnabled=false&reportViewOnly=true&reportContextBar=false"
"145";"SAO";"Sao Tome and Principe";"No";"";NA;"";"";"";NA;"";"";"";"";"";"";"https://www.facebook.com/MSaudeSTeP/"
"146";"SA";"Saudi Arabia";"Partial";"2020/05/26";76726;"75%";"25%";"";NA;"";"";"";"";"";"";"https://twitter.com/SaudiMOH/status/1331576648123240449"
"147";"";"Scotland";"Yes";"2021/01/15";163570;"44.71%";"55.29%";"2021/01/17";7448;"51.34%";"48.66%";"2021/01/17";"5.23%";"4.01%";"1.31";"https://beta.isdscotland.org/find-publications-and-data/population-health/covid-19/covid-19-statistical-report/9-september-2020/dashboard/"
"148";"SN";"Senegal";"Partial";"2021/01/18";23224;"58%";"42%";"";NA;"";"";"";"";"";"";"http://www.sante.gouv.sn/sites/default/files/SITREP%2078%20Covid-19%2018-01-2021.pdf"
"149";"RS";"Serbia";"Partial";"";NA;"";"";"2020/05/03";193;"61.66%";"38.34%";"";"";"";"";"https://covid19.data.gov.rs/"
"150";"SEY";"Seychelles";"No";"";NA;"";"";"";NA;"";"";"";"";"";"";"http://www.health.gov.sc/index.php/covid-19/press-update/"
"151";"SL";"Sierra Leone";"Partial";"2021/01/19";3030;"53.56%";"46.44%";"";NA;"";"";"";"";"";"";"http://dhse.gov.sl/"
"152";"SG";"Singapore";"Partial";"2020/05/05";6530;"89%";"11%";"";NA;"";"";"";"";"";"";"https://www.moh.gov.sg/covid-19/situation-report"
"153";"SX";"Sint Maarten";"No";"";NA;"";"";"";NA;"";"";"";"";"";"";"http://www.sintmaartengov.org/government/VSA/Health-Updates/NOVELCORONAVIRUS/Pages/Current-Situation.aspx"
"154";"SK";"Slovakia";"Yes";"2021/01/18";222131;"46.95%";"53.05%";"2021/01/18";2969;"53.01%";"46.99%";"2021/01/18";"1.51%";"1.18%";"1.28";"https://github.com/Institut-Zdravotnych-Analyz/covid19-data"
"155";"SI";"Slovenia";"Yes";"2021/01/20";154298;"46.68%";"53.32%";"2021/01/17";3371;"46.37%";"53.63%";"2021/01/03";"2.23%";"2.27%";"0.98";"https://www.nijz.si/sl/dnevno-spremljanje-okuzb-s-sars-cov-2-covid-19"
"156";"SO";"Somalia";"Partial";"2021/01/18";4744;"74%";"26%";"";NA;"";"";"";"";"";"";"http://moh.gov.so/en/covid19/"
"157";"ZA";"South Africa";"Yes";"2021/01/20";1355387;"42.21%";"57.79%";"2021/01/21";35430;"48.84%";"51.16%";"2021/01/21";"3.02%";"2.31%";"1.31";"https://www.nicd.ac.za/diseases-a-z-index/covid-19/surveillance-reports/national-covid-19-daily-report/"
"158";"KR";"South Korea";"Yes";"2021/01/19";73115;"49.05%";"50.95%";"2021/01/19";1283;"49.34%";"50.66%";"2021/01/19";"1.77%";"1.74%";"1.01";"http://ncov.mohw.go.kr/bdBoardList_Real.do?brdId=1&brdGubun=11&ncvContSeq=&contSeq=&board_id=&gubun="
"159";"SS";"South Sudan";"Partial";"2020/12/13";3074;"75.16%";"24.84%";"";NA;"";"";"";"";"";"";"https://moh.gov.ss/weekly_updates.php"
"160";"ES";"Spain";"Yes";"2021/01/13";2172378;"46.98%";"53.02%";"2020/05/21";20518;"57%";"43%";"2020/05/21";"10.87%";"6.3%";"1.73";"https://www.isciii.es/QueHacemos/Servicios/VigilanciaSaludPublicaRENAVE/EnfermedadesTransmisibles/Documents/INFORMES/Informes%20COVID-19/INFORMES%20COVID-19%202021/Informe%20COVID-19.%20N%C2%BA%2061_13%20de%20enero%20de%202021.pdf"
"161";"LK";"Sri Lanka";"No";"";NA;"";"";"";NA;"";"";"";"";"";"";"https://hpb.health.gov.lk/covid19-dashboard/"
"162";"SD";"Sudan";"No";"";NA;"";"";"";NA;"";"";"";"";"";"";"http://www.fmoh.gov.sd/index.php"
"163";"SR";"Suriname";"No";"";NA;"";"";"";NA;"";"";"";"";"";"";"https://covid-19.sr/"
"164";"SE";"Sweden";"Yes";"2021/01/19";533225;"47.09%";"52.91%";"2021/01/19";10591;"53.69%";"46.31%";"2021/01/19";"2.26%";"1.74%";"1.3";"https://fohm.maps.arcgis.com/apps/opsdashboard/index.html#/68d4537bf2714e63b646c37f152f1392"
"165";"CH";"Switzerland";"Yes";"2021/01/21";506986;"47.39%";"52.61%";"2021/01/21";8282;"53.94%";"46.06%";"2021/01/21";"1.86%";"1.43%";"1.3";"https://www.bag.admin.ch/bag/fr/home/krankheiten/ausbrueche-epidemien-pandemien/aktuelle-ausbrueche-epidemien/novel-cov/situation-schweiz-und-international.html#1164290551"
"166";"SY";"Syria";"No";"";NA;"";"";"";NA;"";"";"";"";"";"";"https://app.powerbi.com/view?r=eyJrIjoiNTA0NWMxZmYtMDJiMC00ZWU0LTllNTktZTViZjYwYThjZmUzIiwidCI6ImY2MTBjMGI3LWJkMjQtNGIzOS04MTBiLTNkYzI4MGFmYjU5MCIsImMiOjh9"
"167";"TW";"Taiwan";"Yes";"2021/01/19";814;"49.14%";"50.86%";"2021/01/19";7;"85.71%";"14.29%";"2021/01/19";"1.5%";"0.24%";"6.21";"https://data.cdc.gov.tw/en/dataset/agsdctable-day-19cov/resource/a59483fd-4b09-42bd-af15-3c123147d7e3"
"168";"TJ";"Tajikistan";"No";"";NA;"";"";"";NA;"";"";"";"";"";"";"https://covid.tj/#charts"
"169";"TZ";"Tanzania";"No";"";NA;"";"";"";NA;"";"";"";"";"";"";"https://covid19.who.int/region/afro/country/tz"
"170";"TH";"Thailand";"Yes";"2020/11/01";3784;"56.37%";"43.63%";"2020/11/01";59;"76.27%";"23.73%";"2020/11/01";"2.11%";"0.85%";"2.49";"https://ddc.moph.go.th/viralpneumonia/eng/file/situation/situation-no376-190164.pdf"
"171";"TG";"Togo";"No";"";NA;"";"";"";NA;"";"";"";"";"";"";"https://covid19.gouv.tg/situation-au-togo/"
"172";"TT";"Trinidad and Tobago";"No";"";NA;"";"";"";NA;"";"";"";"";"";"";"https://www.covid19.gov.tt/trinidad-and-tobago-covid-19-novel-coronavirus-update-573/"
"173";"TN";"Tunisia";"Yes";"2020/10/20";42727;"46%";"54%";"2020/08/30";77;"68.75%";"31.25%";"2020/08/30";"3.24%";"1.29%";"2.49";"https://www.onmne.tn/?p=10636"
"174";"TR";"Turkey";"Yes";"2020/10/25";362800;"51%";"49%";"2020/10/25";9799;"61.86%";"38.14%";"2020/10/25";"3.28%";"2.1%";"1.56";"https://covid19.saglik.gov.tr/Eklenti/39502/0/covid-19-daily-situation-report-23112020pdf.pdf?_tag1=06C8012A6112A45F521E94C75B8ECF25C89050BF"
"175";"TC";"Turks and Caicos";"No";"";NA;"";"";"";NA;"";"";"";"";"";"";"https://www.gov.tc/moh/coronavirus/covid-dashboard/672-tci-covid-19-dashboard-december-14-2020"
"176";"AE";"UAE";"No";"";NA;"";"";"";NA;"";"";"";"";"";"";"https://covid19.ncema.gov.ae/en"
"177";"US";"USA";"Yes";"2021/01/20";17618554;"47.67%";"52.33%";"2021/01/09";329586;"54.22%";"45.78%";"2020/10/27";"3.51%";"2.76%";"1.27";"https://www.cdc.gov/covid-data-tracker/index.html#demographics"
"178";"UG";"Uganda";"Yes";"2020/09/27";4904;"72.7%";"27.3%";"2020/09/27";31;"67.74%";"32.26%";"2020/09/27";"0.59%";"0.75%";"0.79";"https://covid19.gou.go.ug/statistics.html"
"179";"UA";"Ukraine";"Yes";"2021/01/05";1001131;"40.1%";"59.9%";"2021/01/05";17395;"53.22%";"46.78%";"2021/01/05";"2.31%";"1.36%";"1.7";"https://phc.org.ua/kontrol-zakhvoryuvan/inshi-infekciyni-zakhvoryuvannya/koronavirusna-infekciya-covid-19"
"180";"UY";"Uruguay";"No";"";NA;"";"";"";NA;"";"";"";"";"";"";"https://www.gub.uy/sistema-nacional-emergencias/comunicacion/noticias/informacion-interes-actualizada-sobre-coronavirus-covid-19-uruguay"
"181";"UZ";"Uzbekistan";"No";"";NA;"";"";"";NA;"";"";"";"";"";"";"https://coronavirus.uz/en"
"182";"VE";"Venezuela";"Partial";"2021/01/19";120444;"55.38%";"44.62%";"";NA;"";"";"";"";"";"";"https://covid19.patria.org.ve/estadisticas-venezuela/"
"183";"VN";"Vietnam";"Yes";"2021/01/14";1531;"54.28%";"45.72%";"2021/01/14";35;"37.14%";"62.86%";"2021/01/14";"1.56%";"3.14%";"0.5";"https://www.who.int/vietnam/internal-publications-detail"
"184";"";"Wales";"Yes";"2021/01/20";184745;"45.17%";"54.83%";"2021/01/21";4392;"56%";"44%";"2021/01/21";"2.95%";"1.91%";"1.55";"https://public.tableau.com/profile/public.health.wales.health.protection#!/vizhome/RapidCOVID-19virology-Public/Headlinesummary"
"185";"YE";"Yemen";"Yes";"2021/01/07";2108;"68%";"32%";"2021/01/07";611;"71%";"29%";"2021/01/07";"30.26%";"26.27%";"1.15";"https://app.powerbi.com/view?r=eyJrIjoiYjMzY2YzYTctM2Y0Ny00MzhjLTg3NzgtZjI3MmQ3MDMwNWY2IiwidCI6ImY2MTBjMGI3LWJkMjQtNGIzOS04MTBiLTNkYzI4MGFmYjU5MCIsImMiOjh9"
"186";"ZM";"Zambia";"No";"";NA;"";"";"";NA;"";"";"";"";"";"";"https://www.facebook.com/mohzambia/"
"187";"ZW";"Zimbabwe";"Yes";"2020/12/12";11219;"55.15%";"44.85%";"2020/12/12";307;"62.07%";"37.93%";"2020/12/12";"3.08%";"2.31%";"1.33";"http://www.mohcc.gov.zw/index.php?option=com_phocadownload&view=category&id=15&Itemid=742"
