"";"Country_code";"Country";"Date";"Total";"Male";"Female"
"1";"AF";"Afghanistan";"23 Jun 2020";423;79;21
"2";"AF";"Afghanistan";"7 Jul 2020";801;79;21
"3";"AF";"Afghanistan";"20 Jul 2020";840;78;22
"4";"AF";"Afghanistan";"4 Aug 2020";931;77;23
"5";"AF";"Afghanistan";"18 Aug 2020";1075;75;25
"6";"AF";"Afghanistan";"1 Sep 2020";1099;75;25
"7";"AF";"Afghanistan";"15 Sep 2020";1338;75,11;24,89
"8";"AF";"Afghanistan";"29 Sep 2020";1358;74,74;25,26
"9";"AF";"Afghanistan";"13 Oct 2020";1378;74,82;25,18
"10";"AF";"Afghanistan";"27 Oct 2020";1403;74,77;25,23
"11";"AF";"Afghanistan";"10 Nov 2020";1424;74,86;25,14
"12";"AF";"Afghanistan";"24 Nov 2020";1484;74,6;25,4
"13";"AF";"Afghanistan";"15 Dec 2020";1634;74,36;25,64
"14";"AF";"Afghanistan";"12 Jan 2021";1909;72,81;27,19
"15";"AL";"Albania";"8 Jun 2020";34;65;35
"16";"AL";"Albania";"22 Jun 2020";45;67;33
"17";"AL";"Albania";"6 Jul 2020";79;66;34
"18";"AL";"Albania";"20 Jul 2020";113;64;36
"19";"AL";"Albania";"3 Aug 2020";166;66;34
"20";"AL";"Albania";"1 Sep 2020";284;67;33
"21";"AL";"Albania";"14 Sep 2020";338;67;33
"22";"AL";"Albania";"29 Sep 2020";384;67;33
"23";"AL";"Albania";"13 Oct 2020";429;67;33
"24";"AL";"Albania";"27 Oct 2020";487;67;33
"25";"AL";"Albania";"10 Nov 2020";579;67;33
"26";"AL";"Albania";"23 Nov 2020";716;67;33
"27";"AL";"Albania";"16 Dec 2020";1028;67;33
"28";"AL";"Albania";"2 Jan 2021";1199;67;33
"29";"AL";"Albania";"18 Jan 2021";1281;67;33
"30";"AR";"Argentina";"27 Apr 2020";192;65;35
"31";"AR";"Argentina";"4 May 2020";247;60;40
"32";"AR";"Argentina";"11 May 2020";305;60;40
"33";"AR";"Argentina";"18 May 2020";374;59,8;40,2
"34";"AR";"Argentina";"26 May 2020";472;59,3;40,7
"35";"AR";"Argentina";"1 Jun 2020";560;58,5;41,5
"36";"AR";"Argentina";"8 Jun 2020";670;57;43
"37";"AR";"Argentina";"22 Jun 2020";1014;57;43
"38";"AR";"Argentina";"7 Jul 2020";1632;57;43
"39";"AR";"Argentina";"20 Jul 2020";2350;58,38;41,62
"40";"AR";"Argentina";"4 Aug 2020";3950;57;43
"41";"AR";"Argentina";"31 Aug 2020";8597;57;43
"42";"AR";"Argentina";"26 Oct 2020";29114;56,61;43,39
"43";"AR";"Argentina";"11 Nov 2020";34574;56,95;43,05
"44";"AR";"Argentina";"26 Nov 2020";37683;57,21;42,79
"45";"AR";"Argentina";"15 Dec 2020";40966;57,13;42,87
"46";"AR";"Argentina";"3 Jan 2021";43316;57,31;42,7
"47";"AR";"Argentina";"18 Jan 2021";44127;58;42
"48";"AU";"Australia";"7 Apr 2020";43;60;40
"49";"AU";"Australia";"15 Apr 2020";62;60;40
"50";"AU";"Australia";"21 Apr 2020";71;62;38
"51";"AU";"Australia";"28 Apr 2020";84;61;39
"52";"AU";"Australia";"5 May 2020";96;57,3;42,7
"53";"AU";"Australia";"12 May 2020";97;56,7;43,3
"54";"AU";"Australia";"19 May 2020";99;56,6;43,4
"55";"AU";"Australia";"26 May 2020";102;56;44
"56";"AU";"Australia";"3 Jun 2020";102;56;44
"57";"AU";"Australia";"9 Jun 2020";102;56;44
"58";"AU";"Australia";"23 Jun 2020";102;56;44
"59";"AU";"Australia";"7 Jul 2020";106;58;42
"60";"AU";"Australia";"22 Jul 2020";128;57;43
"61";"AU";"Australia";"3 Aug 2020";221;56;44
"62";"AU";"Australia";"8 Sep 2020";636;50;50
"63";"AU";"Australia";"17 Sep 2020";685;48,91;51,09
"64";"AU";"Australia";"1 Oct 2020";860;48,61;51,4
"65";"AU";"Australia";"14 Oct 2020";896;48,1;51,9
"66";"AU";"Australia";"27 Oct 2020";899;48,28;51,72
"67";"AU";"Australia";"11 Nov 2020";905;48,29;51,71
"68";"AU";"Australia";"24 Nov 2020";907;48,4;51,6
"69";"AU";"Australia";"15 Dec 2020";908;48,35;51,65
"70";"AU";"Australia";"6 Jan 2021";909;48,41;51,6
"71";"AU";"Australia";"19 Jan 2021";910;48,46;51,54
"72";"AT";"Austria";"17 Apr 2020";373;58;42
"73";"AT";"Austria";"21 Apr 2020";456;57;43
"74";"AT";"Austria";"28 Apr 2020";550;56;44
"75";"AT";"Austria";"5 May 2020";606;57;43
"76";"AT";"Austria";"12 May 2020";623;56;44
"77";"AT";"Austria";"19 May 2020";632;56,96;43,04
"78";"AT";"Austria";"27 May 2020";636;57;43
"79";"AT";"Austria";"3 Jun 2020";651;57;43
"80";"AT";"Austria";"9 Jun 2020";653;57;43
"81";"AT";"Austria";"23 Jun 2020";673;56;44
"82";"AT";"Austria";"20 Jul 2020";685;56;44
"83";"AT";"Austria";"3 Aug 2020";700;56;44
"84";"AT";"Austria";"17 Aug 2020";718;56;44
"85";"AT";"Austria";"31 Aug 2020";735;57;43
"86";"AT";"Austria";"14 Sep 2020";739;57;43
"87";"AT";"Austria";"28 Sep 2020";775;57;43
"88";"AT";"Austria";"14 Oct 2020";879;57;43
"89";"AT";"Austria";"27 Oct 2020";1005;57,01;42,99
"90";"AT";"Austria";"12 Nov 2020";1514;56,21;43,79
"91";"AT";"Austria";"27 Nov 2020";2909;55;45
"92";"AT";"Austria";"15 Dec 2020";4674;54,56;45,44
"93";"AT";"Austria";"6 Jan 2021";6463;52,62;47,38
"94";"AT";"Austria";"20 Jan 2021";7169;52,25;47,75
"95";"BD";"Bangladesh";"5 May 2020";183;73;27
"96";"BD";"Bangladesh";"13 May 2020";269;73;27
"97";"BD";"Bangladesh";"19 May 2020";370;73;27
"98";"BD";"Bangladesh";"9 Jun 2020";975;77;23
"99";"BD";"Bangladesh";"22 Jun 2020";1502;77;23
"100";"BD";"Bangladesh";"7 Jul 2020";2096;77;23
"101";"BD";"Bangladesh";"21 Jul 2020";2668;77;23
"102";"BD";"Bangladesh";"3 Aug 2020";3184;77;23
"103";"BD";"Bangladesh";"17 Aug 2020";3694;77;23
"104";"BD";"Bangladesh";"14 Sep 2020";4759;77;23
"105";"BD";"Bangladesh";"28 Sep 2020";5193;77;23
"106";"BD";"Bangladesh";"12 Oct 2020";5555;77;23
"107";"BD";"Bangladesh";"25 Oct 2020";5803;77;23
"108";"BD";"Bangladesh";"10 Nov 2020";6092;77;23
"109";"BD";"Bangladesh";"23 Nov 2020";6416;77;23
"110";"BD";"Bangladesh";"13 Dec 2020";7089;77;23
"111";"BD";"Bangladesh";"3 Jan 2021";7626;77;23
"112";"BD";"Bangladesh";"19 Jan 2021";7922;77;23
"113";"BE";"Belgium";"31 Mar 2020";821;58;42
"114";"BE";"Belgium";"2 Apr 2020";1122;58;42
"115";"BE";"Belgium";"6 Apr 2020";1757;57;43
"116";"BE";"Belgium";"13 Apr 2020";3057;54;46
"117";"BE";"Belgium";"20 Apr 2020";4283;52;48
"118";"BE";"Belgium";"28 Apr 2020";5286;51;49
"119";"BE";"Belgium";"5 May 2020";5647;50,79;49,21
"120";"BE";"Belgium";"11 May 2020";6191;51;49
"121";"BE";"Belgium";"18 May 2020";6475;51;49
"122";"BE";"Belgium";"25 May 2020";6645;51;49
"123";"BE";"Belgium";"2 Jun 2020";6775;50,58;49,42
"124";"BE";"Belgium";"9 Jun 2020";6852;50,54;49,46
"125";"BE";"Belgium";"19 Jun 2020";7016;50;50
"126";"BE";"Belgium";"5 Jul 2020";7077;50,43;49,57
"127";"BE";"Belgium";"20 Jul 2020";7136;50;50
"128";"BE";"Belgium";"3 Aug 2020";7181;50;50
"129";"BE";"Belgium";"30 Aug 2020";9870;47;53
"130";"BE";"Belgium";"12 Sep 2020";9902;47,24;52,76
"131";"BE";"Belgium";"28 Sep 2020";9976;47,27;52,73
"132";"BE";"Belgium";"12 Oct 2020";10186;47,39;52,61
"133";"BE";"Belgium";"27 Oct 2020";10874;48;52
"134";"BE";"Belgium";"9 Nov 2020";13188;48,89;51,11
"135";"BE";"Belgium";"23 Nov 2020";15728;49,08;50,92
"136";"BE";"Belgium";"14 Dec 2020";18027;49,04;50,96
"137";"BE";"Belgium";"4 Jan 2021";19724;49,05;50,95
"138";"BE";"Belgium";"17 Jan 2021";20411;49,15;50,85
"139";"BZ";"Belize";"28 Sep 2020";24;62,5;37,5
"140";"BZ";"Belize";"13 Oct 2020";39;61,54;38,46
"141";"BZ";"Belize";"26 Oct 2020";51;68,63;31,37
"142";"BZ";"Belize";"9 Nov 2020";71;67,61;32,39
"143";"BZ";"Belize";"23 Nov 2020";120;70;30
"144";"BZ";"Belize";"14 Dec 2020";197;68,53;31,47
"145";"BZ";"Belize";"4 Jan 2021";257;68,09;31,91
"146";"BZ";"Belize";"18 Jan 2021";282;66,67;33,33
"147";"BT";"Bhutan";"4 Aug 2021";0;0;0
"148";"BT";"Bhutan";"17 Jan 2021";1;100;0
"149";"BA";"Bosnia and Herzegovina";"6 May 2020";33;58;42
"150";"BA";"Bosnia and Herzegovina";"13 May 2020";37;59;41
"151";"BA";"Bosnia and Herzegovina";"15 Jun 2020";47;62;38
"152";"BA";"Bosnia and Herzegovina";"8 Jul 2020";68;61,76;38,24
"153";"BA";"Bosnia and Herzegovina";"21 Jul 2020";109;64;36
"154";"BA";"Bosnia and Herzegovina";"1 Sep 2020";354;66;34
"155";"BA";"Bosnia and Herzegovina";"9 Nov 2020";1017;66,27;33,73
"156";"BA";"Bosnia and Herzegovina";"24 Nov 2020";1413;66,6;33,4
"157";"BA";"Bosnia and Herzegovina";"16 Dec 2020";1929;65,37;34,63
"158";"BA";"Bosnia and Herzegovina";"3 Jan 2021";2118;64,59;35,41
"159";"BA";"Bosnia and Herzegovina";"18 Jan 2021";2262;64,55;35,46
"160";"BR";"Brazil";"11 Apr 2020";944;59;41
"161";"BR";"Brazil";"20 Apr 2020";2082;60;40
"162";"BR";"Brazil";"26 Apr 2020";3611;59;41
"163";"BR";"Brazil";"13 Jun 2020";39403;58,83;41,17
"164";"BR";"Brazil";"29 Jun 2020";54276;59;41
"165";"BR";"Brazil";"11 Jul 2020";66822;60,07;39,93
"166";"BR";"Brazil";"27 Jul 2020";83941;58;42
"167";"BR";"Brazil";"7 Sep 2020";122753;58,06;41,94
"168";"BR";"Brazil";"21 Sep 2020";133876;58,08;41,92
"169";"BR";"Brazil";"5 Oct 2020";142764;57,96;42,04
"170";"BR";"Brazil";"17 Oct 2020";150264;57,85;42,15
"171";"BR";"Brazil";"5 Dec 2020";173154;57,61;42,39
"172";"BR";"Brazil";"19 Dec 2020";182860;57,54;42,46
"173";"BF";"Burkina Faso";"21 Jun 2020";51;75;25
"174";"BF";"Burkina Faso";"25 Jun 2020";51;75;25
"175";"BF";"Burkina Faso";"30 Jun 2020";51;74,51;25,49
"176";"BF";"Burkina Faso";"20 Jul 2020";51;75;25
"177";"BF";"Burkina Faso";"1 Aug 2020";51;75;25
"178";"BF";"Burkina Faso";"15 Aug 2020";51;75;25
"179";"BF";"Burkina Faso";"25 Aug 2020";55;74,51;25,49
"180";"CV";"Cabo Verde";"21 Jul 2020";21;52,38;47,62
"181";"CV";"Cabo Verde";"31 Aug 2020";40;65;35
"182";"CV";"Cabo Verde";"14 Sep 2020";45;60;40
"183";"CV";"Cabo Verde";"29 Sep 2020";59;62,71;37,29
"184";"CV";"Cabo Verde";"27 Dec 2020";112;58,04;41,96
"185";"KH";"Cambodia";"27 Jul 2020";0;0;0
"186";"KH";"Cambodia";"10 Aug 2020";0;0;0
"187";"KH";"Cambodia";"7 Sep 2020";0;0;0
"188";"CA";"Canada";"6 Apr 2020";82;56;44
"189";"CA";"Canada";"13 Apr 2020";357;52;48
"190";"CA";"Canada";"20 Apr 2020";687;51;49
"191";"CA";"Canada";"27 Apr 2020";1067;50;50
"192";"CA";"Canada";"5 May 2020";1590;47;53
"193";"CA";"Canada";"11 May 2020";1888;47;53
"194";"CA";"Canada";"18 May 2020";2149;47;53
"195";"CA";"Canada";"25 May 2020";2371;48;52
"196";"CA";"Canada";"1 Jun 2020";6604;46;54
"197";"CA";"Canada";"9 Jun 2020";7820;46;54
"198";"CA";"Canada";"23 Jun 2020";8412;46;54
"199";"CA";"Canada";"6 Jul 2020";8556;46;54
"200";"CA";"Canada";"21 Jul 2020";8823;46;54
"201";"CA";"Canada";"3 Aug 2020";8896;46;54
"202";"CA";"Canada";"1 Sep 2020";8998;45,79;54,21
"203";"CA";"Canada";"15 Sep 2020";9032;45,84;54,16
"204";"CA";"Canada";"28 Sep 2020";9210;45,9;54,1
"205";"CA";"Canada";"12 Oct 2020";9495;46,06;53,94
"206";"CA";"Canada";"27 Oct 2020";9812;46,26;53,74
"207";"CA";"Canada";"10 Nov 2020";10335;46,43;53,57
"208";"CA";"Canada";"25 Nov 2020";11519;46,71;53,29
"209";"CA";"Canada";"13 Dec 2020";13251;48,06;51,94
"210";"CA";"Canada";"17 Dec 2020";13579;47,63;52,37
"211";"CA";"Canada";"14 Jan 2021";17315;48,24;51,76
"212";"TD";"Chad";"24 Oct 2020";90;76,67;23,33
"213";"TD";"Chad";"7 Nov 2020";92;77,17;22,83
"214";"TD";"Chad";"10 Dec 2020";100;76;24
"215";"TD";"Chad";"22 Dec 2020";100;76;24
"216";"CL";"Chile";"7 May 2021";294;60;40
"217";"CN";"China";"28 Feb 2021";2109;64;36
"218";"CO";"Colombia";"14 Apr 2020";127;62;38
"219";"CO";"Colombia";"20 Apr 2020";189;64;36
"220";"CO";"Colombia";"27 Apr 2020";253;62,45;37,55
"221";"CO";"Colombia";"5 May 2020";378;61;39
"222";"CO";"Colombia";"11 May 2020";479;61,38;38,62
"223";"CO";"Colombia";"18 May 2020";592;61;39
"224";"CO";"Colombia";"25 May 2020";750;62,27;37,73
"225";"CO";"Colombia";"1 Jun 2020";969;61;39
"226";"CO";"Colombia";"8 Jun 2020";1308;61;39
"227";"CO";"Colombia";"4 Aug 2020";11315;64;36
"228";"CO";"Colombia";"16 Sep 2020";23478;64,17;35,83
"229";"CO";"Colombia";"5 Oct 2020";26844;64,17;35,83
"230";"CO";"Colombia";"12 Oct 2020";27985;64,2;35,8
"231";"CO";"Colombia";"27 Oct 2020";30565;64,17;35,83
"232";"CO";"Colombia";"10 Nov 2020";33148;64,11;35,89
"233";"CO";"Colombia";"24 Nov 2020";35677;64,14;35,86
"234";"CO";"Colombia";"16 Dec 2020";39560;64,03;35,97
"235";"CO";"Colombia";"7 Jan 2021";45067;63,94;36,06
"236";"CO";"Colombia";"20 Jan 2021";49792;63,76;36,24
"237";"CR";"Costa Rica";"8 Jun 2020";10;90;10
"238";"CR";"Costa Rica";"22 Jun 2020";12;75;25
"239";"CR";"Costa Rica";"6 Jul 2020";23;57;43
"240";"CR";"Costa Rica";"20 Jul 2020";66;61;39
"241";"CR";"Costa Rica";"3 Aug 2020";171;63;37
"242";"CR";"Costa Rica";"31 Aug 2020";436;61;39
"243";"CR";"Costa Rica";"14 Sep 2020";621;62,48;37,52
"244";"CR";"Costa Rica";"28 Sep 2020";861;60,98;39,02
"245";"CR";"Costa Rica";"12 Oct 2020";1108;62,91;37,09
"246";"CR";"Costa Rica";"26 Oct 2020";1312;61,97;38,03
"247";"CR";"Costa Rica";"9 Nov 2020";1491;62,04;37,96
"248";"CR";"Costa Rica";"23 Nov 2020";1641;61,73;38,27
"249";"CR";"Costa Rica";"16 Dec 2020";1967;62,48;37,52
"250";"CR";"Costa Rica";"3 Jan 2021";2185;62,33;37,67
"251";"CR";"Costa Rica";"19 Jan 2021";2477;62,37;37,63
"252";"CZ";"Czech Republic";"13 May 2020";288;58;42
"253";"CZ";"Czech Republic";"19 May 2020";301;58;42
"254";"CZ";"Czech Republic";"25 May 2020";317;58;42
"255";"CZ";"Czech Republic";"1 Jun 2020";323;59;41
"256";"CZ";"Czech Republic";"9 Jun 2020";328;59;41
"257";"CZ";"Czech Republic";"23 Jun 2020";339;58;42
"258";"CZ";"Czech Republic";"6 Jul 2020";351;58;42
"259";"CZ";"Czech Republic";"21 Jul 2020";352;58;42
"260";"CZ";"Czech Republic";"4 Aug 2020";371;58;42
"261";"CZ";"Czech Republic";"1 Sep 2020";414;57;43
"262";"CZ";"Czech Republic";"15 Sep 2020";437;57,44;42,56
"263";"CZ";"Czech Republic";"27 Sep 2020";620;59,03;40,97
"264";"CZ";"Czech Republic";"4 Oct 2020";759;59,42;40,58
"265";"CZ";"Czech Republic";"27 Oct 2020";1484;59,16;40,84
"266";"CZ";"Czech Republic";"10 Nov 2020";3592;57,71;42,29
"267";"CZ";"Czech Republic";"25 Nov 2020";6416;57,78;42,22
"268";"CZ";"Czech Republic";"15 Dec 2020";9710;56,44;43,56
"269";"CZ";"Czech Republic";"27 Dec 2020";11258;56,08;43,92
"270";"CZ";"Czech Republic";"17 Jan 2021";14609;56,42;43,58
"271";"DK";"Denmark";"25 Mar 2020";34;71;29
"272";"DK";"Denmark";"3 Apr 2020";139;67;33
"273";"DK";"Denmark";"7 Apr 2020";203;64;36
"274";"DK";"Denmark";"14 Apr 2020";299;61;39
"275";"DK";"Denmark";"21 Apr 2020";370;59;41
"276";"DK";"Denmark";"28 Apr 2020";434;57;43
"277";"DK";"Denmark";"6 May 2020";506;58;42
"278";"DK";"Denmark";"12 May 2020";527;57;43
"279";"DK";"Denmark";"19 May 2020";551;57;43
"280";"DK";"Denmark";"26 May 2020";563;56;44
"281";"DK";"Denmark";"3 Jun 2020";580;57;43
"282";"DK";"Denmark";"10 Jun 2020";593;56;44
"283";"DK";"Denmark";"23 Jun 2020";603;57;43
"284";"DK";"Denmark";"7 Jul 2020";609;57;43
"285";"DK";"Denmark";"21 Jul 2020";611;56;44
"286";"DK";"Denmark";"4 Aug 2020";616;56;44
"287";"DK";"Denmark";"1 Sep 2020";625;56,32;43,68
"288";"DK";"Denmark";"15 Sep 2020";633;56,56;43,44
"289";"DK";"Denmark";"29 Sep 2020";650;56,46;43,54
"290";"DK";"Denmark";"13 Oct 2020";674;56,53;43,47
"291";"DK";"Denmark";"27 Oct 2020";709;57,12;42,88
"292";"DK";"Denmark";"10 Nov 2020";750;56,93;43,07
"293";"DK";"Denmark";"23 Nov 2020";797;56,34;43,66
"294";"DK";"Denmark";"14 Dec 2020";901;56,16;43,84
"295";"DK";"Denmark";"4 Jan 2021";1226;55,79;44,21
"296";"DK";"Denmark";"12 Jan 2021";1623;55,45;44,55
"297";"DO";"Dominican Republic";"13 Apr 2020";183;79;21
"298";"DO";"Dominican Republic";"19 Apr 2020";235;79;21
"299";"DO";"Dominican Republic";"26 Apr 2020";282;78;22
"300";"DO";"Dominican Republic";"3 May 2020";346;73;27
"301";"DO";"Dominican Republic";"10 May 2020";393;72;28
"302";"DO";"Dominican Republic";"17 May 2020";434;71,66;28,34
"303";"DO";"Dominican Republic";"25 May 2020";468;71;29
"304";"DO";"Dominican Republic";"31 May 2020";502;70;30
"305";"DO";"Dominican Republic";"7 Jun 2020";539;70;30
"306";"DO";"Dominican Republic";"21 Jun 2020";669;68;32
"307";"DO";"Dominican Republic";"7 Jul 2020";829;68,28;31,73
"308";"DO";"Dominican Republic";"19 Jul 2020";993;67;33
"309";"DO";"Dominican Republic";"2 Aug 2020";1183;67;33
"310";"DO";"Dominican Republic";"30 Aug 2020";1710;66;34
"311";"EC";"Ecuador";"13 Apr 2020";355;70;30
"312";"EC";"Ecuador";"20 Apr 2020";507;71;29
"313";"EC";"Ecuador";"28 Apr 2020";871;68;32
"314";"EC";"Ecuador";"3 May 2020";1564;68;32
"315";"EC";"Ecuador";"10 May 2020";2127;69,25;30,75
"316";"EC";"Ecuador";"19 May 2020";2839;66;34
"317";"EC";"Ecuador";"25 May 2020";3203;66;34
"318";"EC";"Ecuador";"29 May 2020";3334;66;34
"319";"EC";"Ecuador";"15 Sep 2020";10922;66,52;33,48
"320";"EC";"Ecuador";"13 Oct 2020";11873;66,55;33,45
"321";"EC";"Ecuador";"26 Oct 2020";12181;66,48;33,52
"322";"EC";"Ecuador";"6 Nov 2020";12761;66,49;33,51
"323";"EC";"Ecuador";"22 Nov 2020";13201;66,44;33,56
"324";"EC";"Ecuador";"13 Dec 2020";13874;66,51;33,49
"325";"EC";"Ecuador";"18 Jan 2021";14322;66,47;33,53
"326";"";"England";"6 May 2020";26990;60;40
"327";"";"England";"12 May 2020";29654;59;41
"328";"";"England";"20 May 2020";31818;59;41
"329";"";"England";"27 May 2020";33354;58;42
"330";"";"England";"3 Jun 2020";35430;58;42
"331";"";"England";"17 Jun 2020";37664;57;43
"332";"";"England";"30 Jun 2020";39177;57;43
"333";"";"England";"14 Jul 2020";40369;57;43
"334";"";"England";"27 Jul 2020";41271;57;43
"335";"";"England";"15 Sep 2020";41545;56,58;43,42
"336";"";"England";"22 Sep 2020";41733;56,58;43,42
"337";"";"England";"6 Oct 2020";42347;56,6;43,4
"338";"";"England";"3 Jan 2020";73921;56,03;43,97
"339";"";"England";"17 Jan 2020";88675;55,52;44,48
"340";"GQ";"Equatorial Guinea";"30 Sep 2020";83;71,08;28,92
"341";"GQ";"Equatorial Guinea";"3 Nov 2020";85;70,59;29,41
"342";"GQ";"Equatorial Guinea";"17 Nov 2020";85;70,59;29,41
"343";"GQ";"Equatorial Guinea";"29 Nov 2020";85;70,59;29,41
"344";"GQ";"Equatorial Guinea";"31 Dec 2020";86;70,93;29,07
"345";"GQ";"Equatorial Guinea";"15 Jan 2021";86;70,24;29,76
"346";"EE";"Estonia";"13 May 2020";61;49;51
"347";"EE";"Estonia";"27 May 2020";66;47;53
"348";"EE";"Estonia";"3 Jun 2020";69;46;54
"349";"EE";"Estonia";"10 Jun 2020";69;46,38;53,62
"350";"EE";"Estonia";"24 Jun 2020";69;46;54
"351";"EE";"Estonia";"8 Jul 2020";69;46;54
"352";"EE";"Estonia";"22 Jul 2020";69;46;54
"353";"EE";"Estonia";"4 Aug 2020";69;46;54
"354";"EE";"Estonia";"16 Sep 2020";64;45,31;54,69
"355";"EE";"Estonia";"29 Sep 2020";64;45,31;54,69
"356";"EE";"Estonia";"12 Oct 2020";68;45,59;54,41
"357";"EE";"Estonia";"27 Oct 2020";71;47,89;52,11
"358";"EE";"Estonia";"11 Nov 2020";71;47,89;52,11
"359";"EE";"Estonia";"25 Nov 2020";83;46,99;53,01
"360";"EE";"Estonia";"15 Dec 2020";120;44,17;55,83
"361";"EE";"Estonia";"4 Jan 2021";251;47,01;52,99
"362";"EE";"Estonia";"18 Jan 2021";333;50,45;49,55
"363";"SZ";"Eswatini";"16 Jul 2020";21;62;38
"364";"SZ";"Eswatini";"2 Aug 2020";43;53;47
"365";"SZ";"Eswatini";"17 Aug 2020";70;59;41
"366";"SZ";"Eswatini";"31 Aug 2020";90;62;38
"367";"SZ";"Eswatini";"14 Sep 2020";101;58,42;41,58
"368";"SZ";"Eswatini";"11 Oct 2020";113;54,87;45,13
"369";"SZ";"Eswatini";"4 Jan 2020";244;55,33;44,67
"370";"FI";"Finland";"17 Apr 2020";54;72;28
"371";"FI";"Finland";"21 Apr 2020";101;58;42
"372";"FI";"Finland";"28 Apr 2020";145;52;48
"373";"FI";"Finland";"5 May 2020";201;52;48
"374";"FI";"Finland";"12 May 2020";222;49;51
"375";"FI";"Finland";"19 May 2020";265;47;53
"376";"FI";"Finland";"26 May 2020";285;47;53
"377";"FI";"Finland";"2 Jun 2020";306;48;52
"378";"FI";"Finland";"9 Jun 2020";315;48;52
"379";"FI";"Finland";"23 Jun 2020";323;48;52
"380";"FI";"Finland";"6 Jul 2020";326;48;52
"381";"FI";"Finland";"20 Jul 2020";326;47;53
"382";"FI";"Finland";"2 Aug 2020";329;48;52
"383";"FI";"Finland";"16 Aug 2020";333;48;52
"384";"FI";"Finland";"30 Aug 2020";336;48;52
"385";"FI";"Finland";"28 Sep 2020";342;48;52
"386";"FI";"Finland";"12 Oct 2020";346;48;52
"387";"FI";"Finland";"20 Oct 2020";352;48;52
"388";"FI";"Finland";"8 Nov 2020";361;49;51
"389";"FI";"Finland";"17 Nov 2020";369;49;51
"390";"FI";"Finland";"14 Dec 2020";446;49;51
"391";"FI";"Finland";"4 Jan 2021";554;49,82;50,18
"392";"FI";"Finland";"18 Jan 2021";614;49,84;50,16
"393";"FR";"France";"15 Mar 2020";161;58,3;41,7
"394";"FR";"France";"31 Mar 2020";4503;59,1;40,9
"395";"FR";"France";"7 Apr 2020";7036;61;39
"396";"FR";"France";"14 Apr 2020";10045;61;39
"397";"FR";"France";"21 Apr 2020";12798;60;40
"398";"FR";"France";"28 Apr 2020";14579;60;40
"399";"FR";"France";"6 May 2020";16012;59;41
"400";"FR";"France";"11 May 2020";16766;59;41
"401";"FR";"France";"18 May 2020";17532;59;41
"402";"FR";"France";"25 May 2020";18049;59;41
"403";"FR";"France";"2 Jun 2020";18524;59;41
"404";"FR";"France";"8 Jun 2020";18792;59;41
"405";"FR";"France";"21 Jun 2020";19114;59;41
"406";"FR";"France";"5 Jul 2020";19236;59;41
"407";"FR";"France";"12 Jul 2020";19465;59;41
"408";"FR";"France";"26 Jul 2020";19505;59;41
"409";"FR";"France";"25 Aug 2020";20038;59;41
"410";"FR";"France";"13 Sep 2020";20322;58,88;41,12
"411";"FR";"France";"24 Sep 2020";20857;58,79;41,21
"412";"FR";"France";"8 Oct 2020";21648;58,8;41,2
"413";"FR";"France";"20 Oct 2020";22873;59;41
"414";"FR";"France";"5 Nov 2020";26675;58,9;41,1
"415";"FR";"France";"19 Nov 2020";32466;58,87;41,13
"416";"FR";"France";"10 Dec 2020";39143;58,89;41,11
"417";"FR";"France";"24 Dec 2020";42853;58,66;41,34
"418";"FR";"France";"14 Jan 2021";48045;58,44;41,56
"419";"DE";"Germany";"20 Mar 2020";47;62;38
"420";"DE";"Germany";"24 Mar 2020";114;63;37
"421";"DE";"Germany";"26 Mar 2020";197;66;34
"422";"DE";"Germany";"31 Mar 2020";582;66;34
"423";"DE";"Germany";"2 Apr 2020";871;65;35
"424";"DE";"Germany";"7 Apr 2020";1604;63;37
"425";"DE";"Germany";"13 Apr 2020";2794;59;41
"426";"DE";"Germany";"20 Apr 2020";4401;58;42
"427";"DE";"Germany";"28 Apr 2020";5908;57;43
"428";"DE";"Germany";"5 May 2020";6826;56;44
"429";"DE";"Germany";"12 May 2020";7528;56;44
"430";"DE";"Germany";"18 May 2020";7929;56;44
"431";"DE";"Germany";"26 May 2020";8297;55;45
"432";"DE";"Germany";"2 Jun 2020";8517;55;45
"433";"DE";"Germany";"9 Jun 2020";8706;55;45
"434";"DE";"Germany";"22 Jun 2020";8880;55;45
"435";"DE";"Germany";"7 Jul 2020";9019;55;45
"436";"DE";"Germany";"21 Jul 2020";9085;55;45
"437";"DE";"Germany";"4 Aug 2020";9151;55;45
"438";"DE";"Germany";"1 Sep 2020";9298;55;45
"439";"DE";"Germany";"13 Sep 2020";9345;55,45;44,55
"440";"DE";"Germany";"29 Sep 2020";9456;55,46;44,54
"441";"DE";"Germany";"6 Oct 2020";9542;55,49;44,51
"442";"DE";"Germany";"27 Oct 2020";10088;55,51;44,49
"443";"DE";"Germany";"10 Nov 2020";11498;55,43;44,57
"444";"DE";"Germany";"24 Nov 2020";14346;55,42;44,58
"445";"DE";"Germany";"16 Dec 2020";23388;53,3;46,7
"446";"DE";"Germany";"6 Jan 2021";36470;52,22;47,78
"447";"DE";"Germany";"20 Jan 2021";49632;51,68;48,32
"448";"GR";"Greece";"6 Apr 2020";79;72;28
"449";"GR";"Greece";"11 Apr 2020";93;72,04;27,96
"450";"GR";"Greece";"20 Apr 2020";116;74;26
"451";"GR";"Greece";"27 Apr 2020";132;76;24
"452";"GR";"Greece";"4 May 2020";146;73;27
"453";"GR";"Greece";"12 May 2020";152;74;26
"454";"GR";"Greece";"19 May 2020";165;72;28
"455";"GR";"Greece";"25 May 2020";172;70;30
"456";"GR";"Greece";"2 Jun 2020";179;70;30
"457";"GR";"Greece";"9 Jun 2020";183;69;31
"458";"GR";"Greece";"23 Jun 2020";190;68;32
"459";"GR";"Greece";"7 Jul 2020";193;68;32
"460";"GR";"Greece";"20 Jul 2020";195;68;32
"461";"GR";"Greece";"3 Aug 2020";209;68;32
"462";"GR";"Greece";"1 Sep 2020";271;65;35
"463";"GR";"Greece";"14 Sep 2020";310;63,23;36,77
"464";"GR";"Greece";"28 Sep 2020";383;62,92;37,08
"465";"GR";"Greece";"12 Oct 2020";456;61,84;38,16
"466";"GR";"Greece";"26 Oct 2020";581;62,13;37,87
"467";"GR";"Greece";"9 Nov 2020";825;59,76;40,24
"468";"GR";"Greece";"24 Nov 2020";1815;60,22;39,78
"469";"GR";"Greece";"14 Dec 2020";3686;60,04;39,96
"470";"GR";"Greece";"4 Jan 2021";5010;59,3;40,7
"471";"GR";"Greece";"18 Jan 2021";5488;58,87;41,13
"472";"GT";"Guatemala";"19 Jul 2020";1502;73;27
"473";"GT";"Guatemala";"3 Aug 2020";1962;74,21;25,79
"474";"GT";"Guatemala";"1 Sep 2020";2700;73;27
"475";"GT";"Guatemala";"16 Sep 2020";2940;72,38;27,62
"476";"GT";"Guatemala";"4 Oct 2020";3205;71,98;28,02
"477";"GT";"Guatemala";"12 Oct 2020";3290;71,79;28,21
"478";"GT";"Guatemala";"27 Oct 2020";3582;71,58;28,42
"479";"GT";"Guatemala";"9 Nov 2020";3729;71,39;28,61
"480";"GT";"Guatemala";"22 Nov 2020";3987;71,26;28,74
"481";"GT";"Guatemala";"12 Dec 2020";4332;71,24;28,76
"482";"GT";"Guatemala";"2 Jan 2021";4722;71,01;28,99
"483";"GT";"Guatemala";"19 Jan 2021";5188;71,32;28,68
"484";"HT";"Haiti";"7 Jun 2020";56;80;20
"485";"HT";"Haiti";"21 Jun 2020";88;74;26
"486";"HT";"Haiti";"5 Jul 2020";113;68;32
"487";"HT";"Haiti";"19 Jul 2020";151;66;34
"488";"HT";"Haiti";"2 Aug 2020";166;63,25;36,75
"489";"HT";"Haiti";"15 Sep 2020";220;62,73;37,27
"490";"HT";"Haiti";"27 Sep 2020";229;62,01;37,99
"491";"HT";"Haiti";"10 Oct 2020";230;62,17;37,83
"492";"HT";"Haiti";"25 Oct 2020";232;62,07;37,93
"493";"HT";"Haiti";"9 Nov 2020";232;62,07;37,93
"494";"HT";"Haiti";"22 Nov 2020";232;62,07;37,93
"495";"HT";"Haiti";"12 Dec 2020";234;61,54;38,46
"496";"HT";"Haiti";"31 Dec 2020";237;61,6;38,4
"497";"HT";"Haiti";"16 Jan 2021";240;60,83;39,17
"498";"HK";"Hong Kong";"13 Oct 2020";105;61,91;38,1
"499";"HK";"Hong Kong";"28 Oct 2020";105;61,91;38,1
"500";"HK";"Hong Kong";"11 Nov 2020";108;62,96;37,04
"501";"HK";"Hong Kong";"22 Nov 2020";108;62,96;37,04
"502";"HK";"Hong Kong";"13 Dec 2020";119;60,5;39,5
"503";"HK";"Hong Kong";"3 Jan 2021";151;58,28;41,72
"504";"HK";"Hong Kong";"17 Jan 2021";163;59,51;40,49
"505";"IN";"India";"6 Apr 2020";111;73;27
"506";"IN";"India";"30 Apr 2020";1075;64;36
"507";"IN";"India";"21 May 2020";3711;64;36
"508";"ID";"Indonesia";"28 Apr 2020";773;68;32
"509";"ID";"Indonesia";"5 May 2020";872;66,1;33,9
"510";"ID";"Indonesia";"12 May 2020";1007;65,1;34,9
"511";"ID";"Indonesia";"19 May 2020";1221;64;36
"512";"ID";"Indonesia";"26 May 2020";1418;63;37
"513";"ID";"Indonesia";"2 Jun 2020";1663;62,6;37,4
"514";"ID";"Indonesia";"9 Jun 2020";1919;62;38
"515";"ID";"Indonesia";"23 Jun 2020";2535;60,6;39,4
"516";"ID";"Indonesia";"6 Jul 2020";3309;60,1;39,9
"517";"ID";"Indonesia";"20 Jul 2020";4320;59,7;40,3
"518";"ID";"Indonesia";"2 Aug 2020";5388;59,5;40,5
"519";"ID";"Indonesia";"1 Sep 2020";7505;58,4;41,6
"520";"ID";"Indonesia";"14 Sep 2020";8965;58,5;41,5
"521";"ID";"Indonesia";"1 Oct 2020";10740;58,6;41,4
"522";"ID";"Indonesia";"15 Oct 2020";12268;58,8;41,2
"523";"ID";"Indonesia";"27 Oct 2020";13701;58,6;41,4
"524";"ID";"Indonesia";"10 Nov 2020";14933;58,4;41,6
"525";"ID";"Indonesia";"26 Nov 2020";16521;56,9;43,1
"526";"ID";"Indonesia";"17 Dec 2020";19390;56,6;43,4
"527";"ID";"Indonesia";"5 Jan 2021";23109;56,4;43,6
"528";"ID";"Indonesia";"19 Jan 2021";26857;56,47;43,53
"529";"IR";"Iran";"17 Mar 2021";853;59;41
"530";"IQ";"Iraq";"28 Oct 2020";10770;67;33
"531";"IQ";"Iraq";"24 Nov 2020";12125;67;33
"532";"IQ";"Iraq";"15 Dec 2020";12636;67;33
"533";"IQ";"Iraq";"5 Jan 2021";12844;54,75;45,25
"534";"IQ";"Iraq";"19 Jan 2021";12953;54,5;45,5
"535";"IL";"Israel";"11 Apr 2020";96;53,13;46,88
"536";"IL";"Israel";"19 Apr 2020";171;50;50
"537";"IL";"Israel";"5 May 2020";238;52;48
"538";"IL";"Israel";"23 Jun 2020";303;54;46
"539";"IL";"Israel";"7 Jul 2020";330;54;46
"540";"IL";"Israel";"19 Jul 2020";384;56;44
"541";"IL";"Israel";"2 Aug 2020";499;53;47
"542";"IL";"Israel";"30 Aug 2020";883;53;47
"543";"IL";"Israel";"13 Sep 2020";1061;53,53;46,47
"544";"IL";"Israel";"27 Sep 2020";1382;54,63;45,37
"545";"IL";"Israel";"11 Oct 2020";1845;56,1;43,9
"546";"IL";"Israel";"25 Oct 2020";2318;57,64;42,36
"547";"IL";"Israel";"11 Nov 2020";2692;57,58;42,42
"548";"IL";"Israel";"26 Nov 2020";2823;57,21;42,79
"549";"IL";"Israel";"14 Dec 2020";2998;56,97;43,03
"550";"IL";"Israel";"6 Jan 2021";3527;57,36;42,64
"551";"IL";"Israel";"18 Jan 2021";4052;58;42
"552";"IT";"Italy";"20 Mar 2020";3029;71;29
"553";"IT";"Italy";"23 Mar 2020";4993;71;29
"554";"IT";"Italy";"30 Mar 2020";10013;69,21;30,79
"555";"IT";"Italy";"2 Apr 2020";12530;69;31
"556";"IT";"Italy";"6 Apr 2020";14840;68;32
"557";"IT";"Italy";"9 Apr 2020";16638;67;33
"558";"IT";"Italy";"16 Apr 2020";19976;65;35
"559";"IT";"Italy";"23 Apr 2020";23164;63;37
"560";"IT";"Italy";"28 Apr 2020";25215;62;38
"561";"IT";"Italy";"7 May 2020";27952;61;39
"562";"IT";"Italy";"14 May 2020";29692;60;40
"563";"IT";"Italy";"20 May 2020";31017;59;41
"564";"IT";"Italy";"26 May 2020";31676;59;41
"565";"IT";"Italy";"3 Jun 2020";32354;59;41
"566";"IT";"Italy";"16 Jun 2020";33209;58;42
"567";"IT";"Italy";"30 Jun 2020";33736;58;42
"568";"IT";"Italy";"14 Jul 2020";34066;58;42
"569";"IT";"Italy";"28 Jul 2020";34211;58;42
"570";"IT";"Italy";"25 Aug 2020";35912;57;43
"571";"IT";"Italy";"8 Sep 2020";35569;57,38;42,62
"572";"IT";"Italy";"22 Sep 2020";35727;57,4;42,6
"573";"IT";"Italy";"6 Oct 2020";36051;57,32;42,68
"574";"IT";"Italy";"22 Oct 2020";36805;57,29;42,71
"575";"IT";"Italy";"27 Oct 2020";40212;57,43;42,57
"576";"IT";"Italy";"15 Nov 2020";45557;57,71;42,29
"577";"IT";"Italy";"9 Dec 2020";59393;57,6;42,4
"578";"IT";"Italy";"29 Dec 2020";70799;56,9;43,1
"579";"IT";"Italy";"13 Jan 2021";78597;56,62;43,38
"580";"JM";"Jamaica";"21 Jul 2020";10;60;40
"581";"JM";"Jamaica";"28 Jul 2020";10;60;40
"582";"JM";"Jamaica";"1 Sep 2020";19;53;47
"583";"JM";"Jamaica";"15 Sep 2020";45;57,78;42,22
"584";"JM";"Jamaica";"28 Sep 2020";93;50,54;49,46
"585";"JM";"Jamaica";"13 Oct 2020";146;54,11;45,89
"586";"JM";"Jamaica";"27 Oct 2020";184;56,52;43,48
"587";"JM";"Jamaica";"10 Nov 2020";222;54,96;45,05
"588";"JM";"Jamaica";"24 Nov 2020";239;54,39;45,61
"589";"JM";"Jamaica";"15 Dec 2020";276;54,35;45,65
"590";"JM";"Jamaica";"5 Jan 2021";298;55,37;44,63
"591";"JM";"Jamaica";"19 Jan 2021";313;55,27;44,73
"592";"JE";"Jersey";"13 Oct 2020";32;63;37
"593";"JE";"Jersey";"27 Oct 2020";32;63;37
"594";"JE";"Jersey";"9 Nov 2020";32;63;37
"595";"JE";"Jersey";"23 Nov 2020";32;63;37
"596";"JE";"Jersey";"15 Dec 2020";32;63;37
"597";"JE";"Jersey";"5 Jan 2021";47;60;40
"598";"JE";"Jersey";"18 Jan 2021";62;58;42
"599";"JO";"Jordan";"4 Jan 2021";3852;64,3;35,7
"600";"JO";"Jordan";"18 Jan 2021";4086;64,34;35,66
"601";"KE";"Kenya";"21 Jun 2020";123;76;24
"602";"KE";"Kenya";"6 Jul 2020";164;77;23
"603";"KE";"Kenya";"19 Jun 2020";234;76;24
"604";"KE";"Kenya";"27 Jul 2020";285;75;25
"605";"KE";"Kenya";"15 Sep 2020";634;74,61;25,39
"606";"KE";"Kenya";"23 Nov 2020";1392;71,62;28,38
"607";"KE";"Kenya";"19 Jan 2021";1734;70,36;29,64
"608";"KG";"Kyrgyzstan";"19 Jun 2020";19;53;47
"609";"KG";"Kyrgyzstan";"6 Jul 2020";70;61;39
"610";"KG";"Kyrgyzstan";"16 Jul 2020";155;62;38
"611";"LV";"Latvia";"24 Jun 2020";30;67;33
"612";"LV";"Latvia";"7 Jul 2020";30;67;33
"613";"LV";"Latvia";"23 Jul 2020";32;65,62;34,38
"614";"LV";"Latvia";"1 Sep 2020";34;64,71;35,29
"615";"LV";"Latvia";"13 Sep 2020";35;62,63;37,37
"616";"LV";"Latvia";"30 Sep 2020";37;62,63;37,37
"617";"LV";"Latvia";"13 Oct 2020";41;61;38
"618";"LV";"Latvia";"27 Oct 2020";60;62,63;37,37
"619";"LV";"Latvia";"10 Nov 2020";103;59,6;40,4
"620";"LV";"Latvia";"23 Nov 2020";162;54,55;45,45
"621";"LV";"Latvia";"15 Dec 2020";357;53;47
"622";"LV";"Latvia";"4 Jan 2021";692;49;51
"623";"LV";"Latvia";"18 Jan 2021";1012;50;50
"624";"LR";"Liberia";"6 Jul 2020";41;73;27
"625";"LR";"Liberia";"20 Jul 2020";70;65,71;34,29
"626";"LR";"Liberia";"4 Aug 2020";78;65;35
"627";"LR";"Liberia";"17 Aug 2020";82;64,63;35,37
"628";"LR";"Liberia";"31 Aug 2020";82;65;35
"629";"LR";"Liberia";"14 Sep 2020";82;64,63;35,37
"630";"LR";"Liberia";"28 Sep 2020";82;64,63;35,37
"631";"LR";"Liberia";"12 Oct 2020";82;65;35
"632";"LR";"Liberia";"26 Oct 2020";82;64,63;35,37
"633";"LR";"Liberia";"8 Nov 2020";82;64,63;35,37
"634";"LR";"Liberia";"19 Nov 2020";82;64,63;35,37
"635";"LR";"Liberia";"3 Dec 2020";83;65,06;34,94
"636";"LR";"Liberia";"17 Dec 2020";83;65,06;34,94
"637";"LR";"Liberia";"18 Jan 2021";84;65,48;34,52
"638";"LU";"Luxembourg";"28 Apr 2020";89;56,2;43,8
"639";"LU";"Luxembourg";"5 May 2020";96;54,6;45,4
"640";"LU";"Luxembourg";"13 May 2020";103;56;44
"641";"LU";"Luxembourg";"19 May 2020";109;55;45
"642";"LU";"Luxembourg";"25 May 2020";110;55;45
"643";"LU";"Luxembourg";"3 Jun 2020";110;56;44
"644";"LU";"Luxembourg";"8 Jun 2020";110;56;44
"645";"LU";"Luxembourg";"22 Jun 2020";110;56;44
"646";"LU";"Luxembourg";"7 Jul 2020";110;56;44
"647";"LU";"Luxembourg";"20 Jul 2020";111;56;44
"648";"LU";"Luxembourg";"3 Aug 2020";118;55;45
"649";"LU";"Luxembourg";"1 Sep 2020";124;54;46
"650";"LU";"Luxembourg";"14 Sep 2020";124;54;46
"651";"LU";"Luxembourg";"28 Sep 2020";124;54;46
"652";"LU";"Luxembourg";"8 Oct 2020";129;55;45
"653";"LU";"Luxembourg";"28 Oct 2020";147;55;45
"654";"LU";"Luxembourg";"11 Nov 2020";212;50;50
"655";"LU";"Luxembourg";"25 Nov 2020";294;53;47
"656";"LU";"Luxembourg";"16 Dec 2020";428;55;45
"657";"LU";"Luxembourg";"5 Jan 2021";514;56;44
"658";"LU";"Luxembourg";"19 Jan 2021";560;56;44
"659";"MW";"Malawi";"28 Aug 2020";174;77;23
"660";"MW";"Malawi";"14 Sep 2020";177;77,4;22,6
"661";"MW";"Malawi";"28 Sep 2020";179;77,1;22,91
"662";"MW";"Malawi";"13 Oct 2020";181;76,8;23,2
"663";"MW";"Malawi";"25 Oct 2020";183;75,96;24,04
"664";"MW";"Malawi";"4 Nov 2020";184;76,09;23,91
"665";"MW";"Malawi";"16 Nov 2020";185;76,22;23,78
"666";"MW";"Malawi";"4 Dec 2020";185;76,22;23,78
"667";"MW";"Malawi";"31 Dec 2020";187;76,47;23,53
"668";"MW";"Malawi";"5 Jan 2021";196;76,02;23,98
"669";"MV";"Maldives";"26 May 2020";5;80;20
"670";"MV";"Maldives";"2 Jun 2020";7;71;29
"671";"MV";"Maldives";"9 Jun 2020";8;75;25
"672";"MV";"Maldives";"23 Jun 2020";8;75;25
"673";"MV";"Maldives";"7 Jul 2020";13;69;31
"674";"MV";"Maldives";"19 Jul 2020";15;67;33
"675";"MV";"Maldives";"4 Aug 2020";18;61;39
"676";"MV";"Maldives";"17 Aug 2020";21;52,38;47,62
"677";"MV";"Maldives";"31 Aug 2020";25;52;48
"678";"MV";"Maldives";"15 Sep 2020";30;56,67;43,33
"679";"MV";"Maldives";"28 Sep 2020";31;58,06;41,94
"680";"MV";"Maldives";"13 Oct 2020";32;56,25;43,75
"681";"MV";"Maldives";"26 Oct 2020";34;58,82;41,18
"682";"MV";"Maldives";"9 Nov 2020";37;59,46;40,54
"683";"MV";"Maldives";"24 Nov 2020";42;61,9;38,1
"684";"MV";"Maldives";"14 Dec 2020";47;65,96;34,04
"685";"MV";"Maldives";"4 Jan 2021";47;64,58;35,42
"686";"MV";"Maldives";"19 Jan 2021";49;67,35;32,65
"687";"MX";"Mexico";"14 Apr 2020";406;70;30
"688";"MX";"Mexico";"21 Apr 2020";857;69;31
"689";"MX";"Mexico";"27 Apr 2020";1434;68;32
"690";"MX";"Mexico";"4 May 2020";2270;68,63;31,37
"691";"MX";"Mexico";"11 May 2020";3573;69;31
"692";"MX";"Mexico";"18 May 2020";5332;68,19;31,81
"693";"MX";"Mexico";"25 May 2020";7633;67,61;32,39
"694";"MX";"Mexico";"1 Jun 2020";10167;67,07;32,93
"695";"MX";"Mexico";"8 Jun 2020";14053;66,35;33,65
"696";"MX";"Mexico";"22 Jun 2020";22584;66,09;33,91
"697";"MX";"Mexico";"6 Jul 2020";31119;65,55;34,45
"698";"MX";"Mexico";"20 Jul 2020";41324;65,24;34,76
"699";"MX";"Mexico";"4 Aug 2020";48869;64,83;35,17
"700";"MX";"Mexico";"31 Aug 2020";64332;64,46;35,54
"701";"MX";"Mexico";"14 Sep 2020";72752;64,32;35,68
"702";"MX";"Mexico";"28 Sep 2020";76603;64,15;35,85
"703";"MX";"Mexico";"14 Oct 2020";84898;64,09;35,91
"704";"MX";"Mexico";"27 Oct 2020";89171;63,98;36,02
"705";"MX";"Mexico";"9 Nov 2020";95225;63,84;36,16
"706";"MX";"Mexico";"14 Dec 2020";114075;63,55;36,45
"707";"MX";"Mexico";"4 Jan 2021";127533;63,41;36,59
"708";"MX";"Mexico";"19 Jan 2021";140789;63,27;36,73
"709";"MD";"Moldova";"8 Jul 2020";614;52;48
"710";"MD";"Moldova";"20 Jul 2020";697;52;48
"711";"MD";"Moldova";"2 Aug 2020";800;52,63;47,38
"712";"MD";"Moldova";"16 Aug 2020";908;52;48
"713";"MD";"Moldova";"30 Aug 2020";995;51;49
"714";"MD";"Moldova";"13 Sep 2020";1130;50,97;49,03
"715";"MD";"Moldova";"28 Sep 2020";1310;51,53;48,47
"716";"MD";"Moldova";"12 Oct 2020";1478;51,35;48,65
"717";"MD";"Moldova";"21 Oct 2020";1685;51,34;48,66
"718";"MD";"Moldova";"9 Nov 2020";1912;51,57;48,43
"719";"MD";"Moldova";"22 Nov 2020";2169;50,95;49,05
"720";"MD";"Moldova";"13 Dec 2020";2598;51,27;48,73
"721";"MD";"Moldova";"4 Jan 2021";3070;51,3;48,7
"722";"MD";"Moldova";"18 Jan 2021";3282;51,34;48,66
"723";"MN";"Mongolia";"4 Aug 2021";0;0;0
"724";"MA";"Morocco";"18 Jul 2021";401;67;33
"725";"MA";"Morocco";"21 Sep 2021";1855;66,31;33,69
"726";"MM";"Myanmar";"1 Sep 2021";6;83;17
"727";"MM";"Myanmar";"28 Sep 2021";226;64,16;35,84
"728";"NP";"Nepal";"30 Jun 2020";29;83;17
"729";"NP";"Nepal";"14 Jul 2020";37;86;14
"730";"NP";"Nepal";"28 Jul 2020";49;82;18
"731";"NP";"Nepal";"13 Aug 2020";95;77;23
"732";"NP";"Nepal";"29 Aug 2020";207;73,91;26,09
"733";"NP";"Nepal";"9 Sep 2020";305;72,13;27,87
"734";"NP";"Nepal";"23 Sep 2020";428;69,39;30,61
"735";"NP";"Nepal";"7 Oct 2020";562;70,11;29,89
"736";"NP";"Nepal";"21 Oct 2020";764;70,29;29,71
"737";"NP";"Nepal";"4 Nov 2020";1004;71,02;28,98
"738";"NP";"Nepal";"11 Nov 2020";1148;70,21;29,79
"739";"NP";"Nepal";"8 Dec 2020";1612;68,98;31,02
"740";"NP";"Nepal";"23 Dec 2020";1795;69,86;30,14
"741";"NP";"Nepal";"5 Jan 2021";1890;70,11;29,89
"742";"NL";"Netherlands";"24 Mar 2020";275;65;35
"743";"NL";"Netherlands";"26 Mar 2020";543;64;36
"744";"NL";"Netherlands";"1 Apr 2020";1173;61;39
"745";"NL";"Netherlands";"3 Apr 2020";1487;61;39
"746";"NL";"Netherlands";"7 Apr 2020";2101;61,4;38,6
"747";"NL";"Netherlands";"14 Apr 2020";2945;60,5;39,5
"748";"NL";"Netherlands";"21 Apr 2020";3916;59;41
"749";"NL";"Netherlands";"28 Apr 2020";4566;57;43
"750";"NL";"Netherlands";"5 May 2020";5168;56;44
"751";"NL";"Netherlands";"12 May 2020";5510;56;44
"752";"NL";"Netherlands";"19 May 2020";5715;55;45
"753";"NL";"Netherlands";"26 May 2020";5856;55;45
"754";"NL";"Netherlands";"2 Jun 2020";5967;55;45
"755";"NL";"Netherlands";"9 Jun 2020";6031;55;45
"756";"NL";"Netherlands";"23 Jun 2020";6095;55;45
"757";"NL";"Netherlands";"7 Jul 2020";6132;55;45
"758";"NL";"Netherlands";"21 Jul 2020";6136;54,99;45,01
"759";"NL";"Netherlands";"27 Jul 2020";6150;55;45
"760";"NL";"Netherlands";"1 Sep 2020";6230;54,88;45,12
"761";"NL";"Netherlands";"15 Sep 2020";6258;54,92;45,08
"762";"NL";"Netherlands";"28 Sep 2020";6393;54,89;45,11
"763";"NL";"Netherlands";"13 Oct 2020";6631;54,94;45,06
"764";"NL";"Netherlands";"27 Oct 2020";7142;55,07;44,93
"765";"NL";"Netherlands";"3 Nov 2020";7576;55,25;44,75
"766";"NL";"Netherlands";"17 Nov 2020";8616;54,99;45,01
"767";"NL";"Netherlands";"15 Dec 2020";10168;55,08;44,93
"768";"NL";"Netherlands";"4 Jan 2021";11826;54,6;45,4
"769";"NL";"Netherlands";"19 Jan 2021";13162;54,25;45,75
"770";"NZ";"New Zealand";"12 Nov 2020";25;56;44
"771";"NZ";"New Zealand";"27 Nov 2020";25;56;44
"772";"NZ";"New Zealand";"14 Dec 2020";25;56;44
"773";"NZ";"New Zealand";"5 Jan 2021";25;56;44
"774";"NZ";"New Zealand";"18 Jan 2021";25;56;44
"775";"NG";"Nigeria";"25 Oct 2020";1128;75,27;24,73
"776";"NG";"Nigeria";"8 Nov 2020";1143;75,42;24,58
"777";"NG";"Nigeria";"15 Nov 2020";1218;75,29;24,71
"778";"MK";"North Macedonia";"9 Jun 2020";156;67,95;32,05
"779";"MK";"North Macedonia";"24 Jun 2020";259;64;36
"780";"MK";"North Macedonia";"7 Jul 2020";272;65;35
"781";"MK";"North Macedonia";"20 Jul 2020";441;63,79;36,21
"782";"MK";"North Macedonia";"4 Aug 2020";482;63,69;36,31
"783";"MK";"North Macedonia";"31 Aug 2020";602;65;35
"784";"MK";"North Macedonia";"14 Sep 2020";650;66,77;33,23
"785";"MK";"North Macedonia";"28 Sep 2020";711;63,29;36,71
"786";"MK";"North Macedonia";"13 Oct 2020";760;62,89;37,11
"787";"MK";"North Macedonia";"27 Oct 2020";800;64,75;35,25
"788";"MK";"North Macedonia";"9 Nov 2020";1025;62,34;37,66
"789";"MK";"North Macedonia";"26 Nov 2020";1548;64,28;35,72
"790";"MK";"North Macedonia";"17 Dec 2020";2225;63,3;36,7
"791";"MK";"North Macedonia";"3 Jan 2021";2413;62,83;37,17
"792";"MK";"North Macedonia";"18 Jan 2021";2715;62,83;37,17
"793";"";"Northern Ireland";"8 Apr 2020";77;49;51
"794";"";"Northern Ireland";"10 Apr 2020";91;55;45
"795";"";"Northern Ireland";"20 Apr 2020";206;56;44
"796";"";"Northern Ireland";"4 May 2020";403;52;48
"797";"";"Northern Ireland";"12 May 2020";446;51;49
"798";"";"Northern Ireland";"19 May 2020";488;52;48
"799";"";"Northern Ireland";"26 May 2020";513;52;48
"800";"";"Northern Ireland";"2 Jun 2020";525;51,62;48,38
"801";"";"Northern Ireland";"9 Jun 2020";536;52;48
"802";"";"Northern Ireland";"23 Jun 2020";545;52;48
"803";"";"Northern Ireland";"7 Jul 2020";553;53;47
"804";"";"Northern Ireland";"21 Jul 2020";555;52;48
"805";"";"Northern Ireland";"4 Aug 2020";555;52;48
"806";"";"Northern Ireland";"1 Sep 2020";559;52,42;47,59
"807";"";"Northern Ireland";"16 Sep 2020";572;52,62;47,38
"808";"";"Northern Ireland";"28 Sep 2020";577;53,03;46,97
"809";"";"Northern Ireland";"13 Oct 2020";597;53,6;46,4
"810";"";"Northern Ireland";"26 Oct 2020";670;53,13;46,87
"811";"";"Northern Ireland";"10 Nov 2020";801;52,81;47,19
"812";"";"Northern Ireland";"25 Nov 2020";953;52,78;47,22
"813";"";"Northern Ireland";"15 Dec 2020";1134;51,68;48,32
"814";"";"Northern Ireland";"6 Jan 2021";1383;51,19;48,81
"815";"";"Northern Ireland";"20 Jan 2021";1670;52,04;47,96
"816";"NO";"Norway";"6 Apr 2020";69;54;46
"817";"NO";"Norway";"13 Apr 2020";127;52;48
"818";"NO";"Norway";"20 Apr 2020";163;57;43
"819";"NO";"Norway";"28 Apr 2020";195;55;45
"820";"NO";"Norway";"5 May 2020";209;55;45
"821";"NO";"Norway";"12 May 2020";228;54,39;45,61
"822";"NO";"Norway";"18 May 2020";233;55;45
"823";"NO";"Norway";"26 May 2020";235;54;46
"824";"NO";"Norway";"2 Jun 2020";237;54;46
"825";"NO";"Norway";"10 Jun 2020";239;54;46
"826";"NO";"Norway";"23 Jun 2020";248;54;46
"827";"NO";"Norway";"7 Jul 2020";251;53;47
"828";"NO";"Norway";"20 Jul 2020";255;53;47
"829";"NO";"Norway";"4 Aug 2020";256;53,13;46,88
"830";"NO";"Norway";"1 Sep 2020";264;53;47
"831";"NO";"Norway";"15 Sep 2020";265;53,21;46,79
"832";"NO";"Norway";"13 Oct 2020";277;52,35;47,65
"833";"NO";"Norway";"10 Nov 2020";285;52,63;47,37
"834";"NO";"Norway";"25 Nov 2020";316;52,85;47,15
"835";"NO";"Norway";"15 Dec 2020";395;51,9;48,1
"836";"NO";"Norway";"5 Jan 2021";452;51,55;48,45
"837";"NO";"Norway";"20 Jan 2021";544;52,76;47,24
"838";"PK";"Pakistan";"22 Apr 2020";209;75;25
"839";"PK";"Pakistan";"29 Apr 2020";327;74;26
"840";"PK";"Pakistan";"6 May 2020";526;75,72;24,28
"841";"PK";"Pakistan";"12 May 2020";727;76;24
"842";"PK";"Pakistan";"20 May 2020";985;75,72;24,28
"843";"PK";"Pakistan";"27 May 2020";1225;75,72;24,28
"844";"PK";"Pakistan";"2 Jun 2020";1621;73,92;26,08
"845";"PK";"Pakistan";"9 Jun 2020";2172;74;26
"846";"PK";"Pakistan";"22 Jun 2020";3695;71;29
"847";"PK";"Pakistan";"7 Jul 2020";4839;74;26
"848";"PK";"Pakistan";"21 Jul 2020";5639;74;26
"849";"PK";"Pakistan";"4 Aug 2020";5999;74;26
"850";"PK";"Pakistan";"18 Aug 2020";6190;74;26
"851";"PA";"Panama";"5 Jun 2021";373;68;32
"852";"PY";"Paraguay";"28 Sep 2020";782;65,22;34,78
"853";"PY";"Paraguay";"12 Oct 2020";1077;62,95;37,05
"854";"PY";"Paraguay";"26 Oct 2020";1309;62,11;37,89
"855";"PY";"Paraguay";"9 Nov 2020";1490;62,01;37,99
"856";"PY";"Paraguay";"23 Nov 2020";1657;61,5;38,5
"857";"PY";"Paraguay";"12 Dec 2020";1937;61,13;38,87
"858";"PY";"Paraguay";"3 Jan 2021";2188;60,65;39,35
"859";"PY";"Paraguay";"19 Jan 2021";2519;92,09;7,91
"860";"PE";"Peru";"7 Apr 2020";92;72;28
"861";"PE";"Peru";"20 Apr 2020";445;73;27
"862";"PE";"Peru";"26 Apr 2020";782;71;29
"863";"PE";"Peru";"4 May 2020";1344;72;28
"864";"PE";"Peru";"11 May 2020";1961;72;28
"865";"PE";"Peru";"18 May 2020";2789;71;29
"866";"PE";"Peru";"25 May 2020";3629;72;28
"867";"PE";"Peru";"1 Jun 2020";4634;72;28
"868";"PE";"Peru";"8 Jun 2020";5571;71,23;28,77
"869";"PE";"Peru";"22 Jun 2020";8223;71;29
"870";"PE";"Peru";"6 Jul 2020";10772;71;29
"871";"PE";"Peru";"20 Jul 2020";13384;71;29
"872";"PE";"Peru";"4 Aug 2020";20007;71;29
"873";"PE";"Peru";"30 Aug 2020";28788;70,31;29,69
"874";"PE";"Peru";"14 Sep 2020";30710;70,22;29,78
"875";"PE";"Peru";"28 Sep 2020";32324;69,9;30,1
"876";"PE";"Peru";"12 Oct 2020";33347;69,63;30,37
"877";"PE";"Peru";"29 Oct 2020";34187;69,39;30,61
"878";"PE";"Peru";"12 Nov 2020";34933;69,14;30,86
"879";"PE";"Peru";"27 Nov 2020";35675;68,93;31,07
"880";"PE";"Peru";"15 Dec 2020";36667;68,64;31,36
"881";"PE";"Peru";"5 Jan 2021";37820;68,42;31,58
"882";"PE";"Peru";"15 Jan 2021";38760;68,24;31,76
"883";"PH";"Philippines";"25 Mar 2020";38;79;21
"884";"PH";"Philippines";"1 Apr 2020";96;75;25
"885";"PH";"Philippines";"14 Apr 2020";335;69;31
"886";"PH";"Philippines";"21 Apr 2020";437;68;32
"887";"PH";"Philippines";"28 Apr 2020";530;66;34
"888";"PH";"Philippines";"4 May 2020";623;66;34
"889";"PH";"Philippines";"12 May 2020";751;65;35
"890";"PH";"Philippines";"18 May 2020";831;65;35
"891";"PH";"Philippines";"24 May 2020";868;65;35
"892";"PH";"Philippines";"30 May 2020";950;64;36
"893";"PH";"Philippines";"9 Jun 2020";1011;63;37
"894";"PH";"Philippines";"23 Jun 2020";1177;63;37
"895";"PH";"Philippines";"3 Jul 2020";1280;62;38
"896";"PH";"Philippines";"20 Jul 2020";1835;62;38
"897";"PH";"Philippines";"3 Aug 2020";2104;62;38
"898";"PH";"Philippines";"1 Sep 2020";3483;60,49;39,51
"899";"PH";"Philippines";"13 Sep 2020";4371;60,7;39,3
"900";"PH";"Philippines";"28 Sep 2020";5381;60,53;39,47
"901";"PH";"Philippines";"13 Oct 2020";6372;60,42;39,58
"902";"PH";"Philippines";"27 Oct 2020";7053;60,57;39,43
"903";"PH";"Philippines";"10 Nov 2020";7661;60,36;39,64
"904";"PH";"Philippines";"25 Nov 2020";8215;60,24;39,76
"905";"PH";"Philippines";"15 Dec 2020";8812;60,17;39,83
"906";"PH";"Philippines";"5 Jan 2021";9321;60,22;39,78
"907";"PH";"Philippines";"20 Jan 2021";10042;60,19;39,81
"908";"PT";"Portugal";"24 Mar 2020";43;70;30
"909";"PT";"Portugal";"26 Mar 2020";76;64;36
"910";"PT";"Portugal";"31 Mar 2020";187;59;41
"911";"PT";"Portugal";"3 Apr 2020";246;58;42
"912";"PT";"Portugal";"7 Apr 2020";345;54;46
"913";"PT";"Portugal";"13 Apr 2020";567;51;49
"914";"PT";"Portugal";"20 Apr 2020";762;50;50
"915";"PT";"Portugal";"27 Apr 2020";948;49;51
"916";"PT";"Portugal";"3 May 2020";1063;49;51
"917";"PT";"Portugal";"10 May 2020";1144;49;51
"918";"PT";"Portugal";"17 May 2020";1231;49;51
"919";"PT";"Portugal";"25 May 2020";1342;49;51
"920";"PT";"Portugal";"31 May 2020";1424;49;51
"921";"PT";"Portugal";"8 Jun 2020";1485;50;50
"922";"PT";"Portugal";"22 Jun 2020";1534;50;50
"923";"PT";"Portugal";"2 Jul 2020";1587;50;50
"924";"PT";"Portugal";"19 Jul 2020";1691;49,79;50,21
"925";"PT";"Portugal";"3 Aug 2020";1739;50;50
"926";"PT";"Portugal";"31 Aug 2020";1822;50;50
"927";"PT";"Portugal";"14 Sep 2020";1871;50,35;49,65
"928";"PT";"Portugal";"28 Sep 2020";1957;50,33;49,67
"929";"PT";"Portugal";"14 Oct 2020";2117;50,12;49,88
"930";"PT";"Portugal";"26 Oct 2020";2343;51,09;48,91
"931";"PT";"Portugal";"9 Nov 2020";2959;51,3;48,7
"932";"PT";"Portugal";"23 Nov 2020";4056;51,65;48,35
"933";"PT";"Portugal";"12 Dec 2020";5649;52,29;47,71
"934";"PT";"Portugal";"3 Jan 2021";7118;52,11;47,89
"935";"PT";"Portugal";"19 Jan 2021";9246;51,99;48,01
"936";"IE";"Republic of Ireland";"30 Mar 2020";85;69;31
"937";"IE";"Republic of Ireland";"31 Mar 2020";71;73,2;26,8
"938";"IE";"Republic of Ireland";"2 Apr 2020";98;69;31
"939";"IE";"Republic of Ireland";"5 Apr 2020";210;63;37
"940";"IE";"Republic of Ireland";"12 Apr 2020";406;59;41
"941";"IE";"Republic of Ireland";"19 Apr 2020";685;55;45
"942";"IE";"Republic of Ireland";"27 Apr 2020";903;53;47
"943";"IE";"Republic of Ireland";"5 May 2020";1336;51;49
"944";"IE";"Republic of Ireland";"6 May 2020";1336;51;49
"945";"IE";"Republic of Ireland";"24 May 2020";1615;50;50
"946";"IE";"Republic of Ireland";"31 May 2020";1654;49;51
"947";"IE";"Republic of Ireland";"6 Jun 2020";1683;49;51
"948";"IE";"Republic of Ireland";"20 Jun 2020";1717;49,51;50,5
"949";"IE";"Republic of Ireland";"4 Jul 2020";1741;49;51
"950";"IE";"Republic of Ireland";"19 Jul 2020";1753;49;51
"951";"IE";"Republic of Ireland";"29 Jul 2020";1763;49;51
"952";"IE";"Republic of Ireland";"30 Aug 2020";1777;49,24;50,76
"953";"IE";"Republic of Ireland";"13 Sep 2020";1787;49,3;50,7
"954";"IE";"Republic of Ireland";"26 Sep 2020";1802;49,5;50,5
"955";"IE";"Republic of Ireland";"10 Oct 2020";1827;49,64;50,36
"956";"IE";"Republic of Ireland";"21 Oct 2020";1877;49,87;50,13
"957";"IE";"Republic of Ireland";"8 Nov 2020";1962;50,51;49,49
"958";"IE";"Republic of Ireland";"24 Nov 2020";2036;50,74;49,26
"959";"IE";"Republic of Ireland";"12 Dec 2020";2126;50,89;49,11
"960";"IE";"Republic of Ireland";"2 Jan 2021";2263;51,22;48,78
"961";"IE";"Republic of Ireland";"16 Jan 2021";2616;52,1;47,9
"962";"RO";"Romania";"13 Apr 2020";333;65;35
"963";"RO";"Romania";"26 Apr 2020";620;64,4;35,6
"964";"RO";"Romania";"3 May 2020";803;62;38
"965";"RO";"Romania";"10 May 2020";965;60,8;39,2
"966";"RO";"Romania";"17 May 2020";1107;59,8;40,2
"967";"RO";"Romania";"24 May 2020";1187;58,9;41,1
"968";"RO";"Romania";"31 May 2020";1269;59;41
"969";"RO";"Romania";"7 Jun 2020";1334;59;41
"970";"RO";"Romania";"14 Jun 2020";1427;59;41
"971";"RO";"Romania";"5 Jul 2020";1767;58,69;41,31
"972";"RO";"Romania";"19 Jul 2020";2009;59;41
"973";"RO";"Romania";"2 Aug 2020";2379;59,3;40,7
"974";"RO";"Romania";"1 Sep 2020";3621;59,73;40,27
"975";"RO";"Romania";"13 Sep 2020";4185;59,83;40,17
"976";"RO";"Romania";"27 Sep 2020";4748;59,86;40,14
"977";"RO";"Romania";"11 Oct 2020";5467;60,11;39,89
"978";"RO";"Romania";"25 Oct 2020";6470;59,86;40,14
"979";"RO";"Romania";"8 Nov 2020";8009;59,33;40,67
"980";"RO";"Romania";"22 Nov 2020";10177;59,17;40,83
"981";"RO";"Romania";"13 Dec 2020";13494;59,4;40,6
"982";"RO";"Romania";"3 Jan 2021";16057;59,7;40,3
"983";"RO";"Romania";"17 Jan 2021";17721;58,5;41,5
"984";"";"Scotland";"5 Apr 2020";354;56;44
"985";"";"Scotland";"12 Apr 2020";962;57;43
"986";"";"Scotland";"19 Apr 2020";1616;55;45
"987";"";"Scotland";"26 Apr 2020";2272;53;47
"988";"";"Scotland";"3 May 2020";2795;52;48
"989";"";"Scotland";"11 May 2020";3213;51;49
"990";"";"Scotland";"18 May 2020";3546;51;49
"991";"";"Scotland";"25 May 2020";3779;50;50
"992";"";"Scotland";"31 May 2020";3911;50;50
"993";"";"Scotland";"8 Jun 2020";4000;50,13;49,88
"994";"";"Scotland";"22 Jun 2020";4119;50;50
"995";"";"Scotland";"5 Jul 2020";4173;50;50
"996";"";"Scotland";"19 Jul 2020";4193;50;50
"997";"";"Scotland";"2 Aug 2020";4208;50;50
"998";"";"Scotland";"9 Aug 2020";4213;49,63;50,37
"999";"";"Scotland";"13 Sep 2020";4236;49,62;50,38
"1000";"";"Scotland";"11 Oct 2020";4301;49,73;50,27
"1001";"";"Scotland";"25 Oct 2020";4482;50,05;49,96
"1002";"";"Scotland";"8 Nov 2020";4856;50,33;49,67
"1003";"";"Scotland";"22 Nov 2020";5380;50,74;49,26
"1004";"";"Scotland";"6 Dec 2020";5868;51,01;48,99
"1005";"";"Scotland";"20 Dec 2020";6298;51,13;48,87
"1006";"";"Scotland";"17 Jan 2021";7448;51,34;48,66
"1007";"SK";"Slovakia";"30 Sep 2020";55;41,82;58,18
"1008";"SK";"Slovakia";"30 Nov 2020";1106;51,18;48,82
"1009";"SK";"Slovakia";"18 Jan 2021";2969;53,01;46,99
"1010";"SI";"Slovenia";"26 May 2020";107;40;60
"1011";"SI";"Slovenia";"1 Jun 2020";108;41;59
"1012";"SI";"Slovenia";"8 Jun 2020";108;41;59
"1013";"SI";"Slovenia";"22 Jun 2020";111;41;59
"1014";"SI";"Slovenia";"6 Jul 2020";111;41;59
"1015";"SI";"Slovenia";"20 Jul 2020";111;41;59
"1016";"SI";"Slovenia";"3 Aug 2020";118;42;58
"1017";"SI";"Slovenia";"1 Sep 2020";128;39;61
"1018";"SI";"Slovenia";"14 Sep 2020";131;39,7;60,31
"1019";"SI";"Slovenia";"28 Sep 2020";138;39,86;60,14
"1020";"SI";"Slovenia";"12 Oct 2020";147;40,82;59,18
"1021";"SI";"Slovenia";"26 Oct 2020";192;41,15;58,85
"1022";"SI";"Slovenia";"10 Nov 2020";410;45,12;54,88
"1023";"SI";"Slovenia";"27 Nov 2020";913;46;54
"1024";"SI";"Slovenia";"13 Dec 2020";2059;46,38;53,62
"1025";"SI";"Slovenia";"3 Jan 2021";2891;45,87;54,13
"1026";"SI";"Slovenia";"17 Jan 2021";3371;46,37;53,63
"1027";"ZA";"South Africa";"19 Apr 2020";43;55,81;44,19
"1028";"ZA";"South Africa";"28 Apr 2020";46;59;41
"1029";"ZA";"South Africa";"18 May 2020";286;56;44
"1030";"ZA";"South Africa";"25 May 2020";480;53,75;46,25
"1031";"ZA";"South Africa";"2 Jun 2020";755;53;47
"1032";"ZA";"South Africa";"9 Jun 2020";1161;52;48
"1033";"ZA";"South Africa";"23 Jun 2020";2100;52;48
"1034";"ZA";"South Africa";"1 Jul 2020";2745;53;47
"1035";"ZA";"South Africa";"12 Sep 2020";14896;51,29;48,71
"1036";"ZA";"South Africa";"27 Oct 2020";15709;51,34;48,66
"1037";"ZA";"South Africa";"11 Nov 2020";16586;51,07;48,93
"1038";"ZA";"South Africa";"26 Nov 2020";17982;50,72;49,28
"1039";"ZA";"South Africa";"16 Dec 2020";20769;50,08;49,92
"1040";"ZA";"South Africa";"6 Jan 2021";27108;49,33;50,67
"1041";"ZA";"South Africa";"21 Jan 2021";35430;48,84;51,16
"1042";"KR";"South Korea";"19 Mar 2020";94;54,26;45,74
"1043";"KR";"South Korea";"24 Mar 2020";120;50;50
"1044";"KR";"South Korea";"26 Mar 2020";139;54;46
"1045";"KR";"South Korea";"1 Apr 2020";165;50,91;49,09
"1046";"KR";"South Korea";"3 Apr 2020";174;53;47
"1047";"KR";"South Korea";"7 Apr 2020";192;52,6;47,4
"1048";"KR";"South Korea";"14 Apr 2020";222;52;48
"1049";"KR";"South Korea";"21 Apr 2020";237;52,74;47,26
"1050";"KR";"South Korea";"28 Apr 2020";244;52,46;47,54
"1051";"KR";"South Korea";"5 May 2020";254;51,57;48,43
"1052";"KR";"South Korea";"12 May 2020";258;52;48
"1053";"KR";"South Korea";"19 May 2020";263;52;48
"1054";"KR";"South Korea";"26 May 2020";269;53;47
"1055";"KR";"South Korea";"2 Jun 2020";272;53;47
"1056";"KR";"South Korea";"9 Jun 2020";274;53;47
"1057";"KR";"South Korea";"23 Jun 2020";281;53;47
"1058";"KR";"South Korea";"7 Jul 2020";285;53;47
"1059";"KR";"South Korea";"21 Jul 2020";296;53;47
"1060";"KR";"South Korea";"4 Aug 2020";301;53;47
"1061";"KR";"South Korea";"1 Sep 2020";324;53,09;46,91
"1062";"KR";"South Korea";"17 Sep 2020";372;52,42;47,58
"1063";"KR";"South Korea";"29 Sep 2020";407;53,07;46,93
"1064";"KR";"South Korea";"13 Oct 2020";434;53,46;46,54
"1065";"KR";"South Korea";"27 Oct 2020";460;53,48;46,52
"1066";"KR";"South Korea";"10 Nov 2020";485;52,58;47,42
"1067";"KR";"South Korea";"25 Nov 2020";513;52,44;47,56
"1068";"KR";"South Korea";"15 Dec 2020";600;51,33;48,67
"1069";"KR";"South Korea";"5 Jan 2021";1007;50,35;49,65
"1070";"KR";"South Korea";"19 Jan 2021";1283;49,34;50,66
"1071";"ES";"Spain";"24 Mar 2020";669;65;35
"1072";"ES";"Spain";"30 Mar 2020";2506;65;35
"1073";"ES";"Spain";"1 Apr 2020";4522;64;36
"1074";"ES";"Spain";"3 Apr 2020";4704;63;37
"1075";"ES";"Spain";"7 Apr 2020";4978;63;37
"1076";"ES";"Spain";"13 Apr 2020";9564;61;39
"1077";"ES";"Spain";"20 Apr 2020";12364;60;40
"1078";"ES";"Spain";"28 Apr 2020";15853;58,42;41,58
"1079";"ES";"Spain";"4 May 2020";17189;58;42
"1080";"ES";"Spain";"11 May 2020";18818;57;43
"1081";"ES";"Spain";"18 May 2020";19186;57,05;42,95
"1082";"ES";"Spain";"21 May 2020";20518;57;43
"1083";"SE";"Sweden";"25 Mar 2020";42;57;43
"1084";"SE";"Sweden";"27 Mar 2020";92;60;40
"1085";"SE";"Sweden";"31 Mar 2020";180;58,3;41,7
"1086";"SE";"Sweden";"1 Apr 2020";333;59;41
"1087";"SE";"Sweden";"7 Apr 2020";591;60;40
"1088";"SE";"Sweden";"14 Apr 2020";1033;57,5;42,5
"1089";"SE";"Sweden";"21 Apr 2020";1765;56,6;43,4
"1090";"SE";"Sweden";"28 Apr 2020";2355;57;43
"1091";"SE";"Sweden";"5 May 2020";2854;56;44
"1092";"SE";"Sweden";"12 May 2020";3313;56;44
"1093";"SE";"Sweden";"19 May 2020";3743;55;45
"1094";"SE";"Sweden";"27 May 2020";4125;55;45
"1095";"SE";"Sweden";"3 Jun 2020";4542;55;45
"1096";"SE";"Sweden";"9 Jun 2020";4717;55;45
"1097";"SE";"Sweden";"23 Jun 2020";5161;55;45
"1098";"SE";"Sweden";"7 Jul 2020";5447;55;45
"1099";"SE";"Sweden";"21 Jul 2020";5646;55;45
"1100";"SE";"Sweden";"4 Aug 2020";5747;55;45
"1101";"SE";"Sweden";"1 Sep 2020";5813;55;45
"1102";"SE";"Sweden";"15 Sep 2020";5851;54,66;45,34
"1103";"SE";"Sweden";"29 Sep 2020";5888;54,7;45,3
"1104";"SE";"Sweden";"13 Oct 2020";5899;54,81;45,19
"1105";"SE";"Sweden";"27 Oct 2020";5918;54,85;45,15
"1106";"SE";"Sweden";"10 Nov 2020";6057;54,86;45,14
"1107";"SE";"Sweden";"24 Nov 2020";6500;54,51;45,49
"1108";"SE";"Sweden";"15 Dec 2020";7667;54,04;45,96
"1109";"SE";"Sweden";"6 Jan 2021";8985;53,89;46,11
"1110";"SE";"Sweden";"19 Jan 2021";10591;53,69;46,31
"1111";"CH";"Switzerland";"27 Mar 2020";198;61;39
"1112";"CH";"Switzerland";"31 Mar 2020";373;61;39
"1113";"CH";"Switzerland";"3 Apr 2020";484;63;37
"1114";"CH";"Switzerland";"7 Apr 2020";640;62;38
"1115";"CH";"Switzerland";"13 Apr 2020";884;61;39
"1116";"CH";"Switzerland";"21 Apr 2020";1186;59;41
"1117";"CH";"Switzerland";"29 Apr 2020";1408;58;42
"1118";"CH";"Switzerland";"6 May 2020";1506;58;42
"1119";"CH";"Switzerland";"13 May 2020";1564;58;42
"1120";"CH";"Switzerland";"19 May 2020";1614;58;42
"1121";"CH";"Switzerland";"27 May 2020";1649;57,55;42,45
"1122";"CH";"Switzerland";"3 Jun 2020";1660;58;42
"1123";"CH";"Switzerland";"9 Jun 2020";1663;58;42
"1124";"CH";"Switzerland";"23 Jun 2020";1680;58;42
"1125";"CH";"Switzerland";"8 Jul 2020";1686;57;43
"1126";"CH";"Switzerland";"21 Jul 2020";1691;58;42
"1127";"CH";"Switzerland";"4 Aug 2020";1706;58;42
"1128";"CH";"Switzerland";"1 Sep 2020";1726;58;42
"1129";"CH";"Switzerland";"15 Sep 2020";1747;57,7;42,3
"1130";"CH";"Switzerland";"28 Sep 2020";1779;57,56;42,44
"1131";"CH";"Switzerland";"13 Oct 2020";1807;57,72;42,28
"1132";"CH";"Switzerland";"27 Oct 2020";1929;57,44;42,56
"1133";"CH";"Switzerland";"10 Nov 2020";2682;57,38;42,62
"1134";"CH";"Switzerland";"26 Nov 2020";4108;55,77;44,23
"1135";"CH";"Switzerland";"15 Dec 2020";5691;54,93;45,07
"1136";"CH";"Switzerland";"6 Jan 2021";7433;53,73;46,27
"1137";"CH";"Switzerland";"21 Jan 2021";8282;53,94;46,06
"1138";"TW";"Taiwan";"5 Jan 2021";7;85,71;14,29
"1139";"TW";"Taiwan";"19 Jan 2021";7;85,71;14,29
"1140";"TH";"Thailand";"20 Apr 2020";48;81,25;18,75
"1141";"TH";"Thailand";"27 Apr 2020";52;77;23
"1142";"TH";"Thailand";"5 May 2020";55;76;24
"1143";"TH";"Thailand";"10 May 2020";56;77;23
"1144";"TH";"Thailand";"16 May 2020";56;77;23
"1145";"TH";"Thailand";"24 May 2020";56;77;23
"1146";"TH";"Thailand";"1 Jun 2020";58;76;24
"1147";"TH";"Thailand";"8 Jun 2020";58;76;24
"1148";"TH";"Thailand";"21 Jun 2020";58;76;24
"1149";"TH";"Thailand";"7 Jul 2020";58;76;24
"1150";"TH";"Thailand";"19 Jul 2020";58;76;24
"1151";"TH";"Thailand";"1 Aug 2020";58;76;24
"1152";"TH";"Thailand";"10 Sep 2020";58;75,86;24,14
"1153";"TH";"Thailand";"22 Sep 2020";59;76,27;23,73
"1154";"TH";"Thailand";"30 Sep 2020";59;76,27;23,73
"1155";"TH";"Thailand";"1 Nov 2020";59;76,27;23,73
"1156";"TN";"Tunisia";"30 Aug 2021";77;68,75;31,25
"1157";"TR";"Turkey";"19 Jul 2020";5491;62;38
"1158";"TR";"Turkey";"2 Aug 2020";5728;62;38
"1159";"TR";"Turkey";"23 Aug 2020";6121;62;38
"1160";"TR";"Turkey";"30 Aug 2020";6326;62,12;37,88
"1161";"TR";"Turkey";"27 Sep 2020";7997;62,39;37,61
"1162";"TR";"Turkey";"4 Oct 2020";8441;62,3;37,7
"1163";"TR";"Turkey";"18 Oct 2020";9296;61,95;38,05
"1164";"TR";"Turkey";"25 Oct 2020";9799;61,86;38,14
"1165";"US";"USA";"14 Apr 2020";8259;60;40
"1166";"US";"USA";"18 Apr 2020";17229;59;41
"1167";"US";"USA";"28 Apr 2020";31586;57;43
"1168";"US";"USA";"1 May 2020";37307;57;43
"1169";"US";"USA";"6 May 2020";44015;56;44
"1170";"US";"USA";"13 May 2020";54860;55;45
"1171";"US";"USA";"20 May 2020";68997;54,66;45,34
"1172";"US";"USA";"28 May 2020";81371;54;46
"1173";"US";"USA";"3 Jun 2020";88241;54;46
"1174";"US";"USA";"17 Jun 2020";103337;54;46
"1175";"US";"USA";"11 Jul 2020";121370;53;47
"1176";"US";"USA";"3 Aug 2020";118145;53,9;46,1
"1177";"US";"USA";"1 Sep 2020";136583;54;46
"1178";"US";"USA";"16 Sep 2020";138861;54;46
"1179";"US";"USA";"30 Sep 2020";194087;54,05;45,95
"1180";"US";"USA";"3 Oct 2020";198804;54,06;45,94
"1181";"US";"USA";"27 Oct 2020";207876;54,11;45,89
"1182";"US";"USA";"31 Oct 2020";217342;54,09;45,91
"1183";"US";"USA";"21 Nov 2020";240207;54,12;45,88
"1184";"US";"USA";"9 Dec 2020";261523;54,16;45,84
"1185";"US";"USA";"26 Dec 2020";301671;54,21;45,79
"1186";"US";"USA";"9 Jan 2021";329586;54,22;45,78
"1187";"UG";"Uganda";"2 Aug 2020";5;20;80
"1188";"UG";"Uganda";"16 Aug 2020";13;69;31
"1189";"UG";"Uganda";"1 Sep 2020";26;65;35
"1190";"UG";"Uganda";"13 Sep 2020";26;65;35
"1191";"UG";"Uganda";"27 Sep 2020";31;67,74;32,26
"1192";"UA";"Ukraine";"15 Apr 2020";108;52;48
"1193";"UA";"Ukraine";"21 Apr 2020";161;52;48
"1194";"UA";"Ukraine";"28 Apr 2020";239;55;45
"1195";"UA";"Ukraine";"21 Jul 2020";1516;53;47
"1196";"UA";"Ukraine";"4 Aug 2020";1764;54;46
"1197";"UA";"Ukraine";"1 Sep 2020";2649;54;46
"1198";"UA";"Ukraine";"18 Sep 2020";3466;54,1;45,9
"1199";"UA";"Ukraine";"29 Sep 2020";4066;53,84;46,16
"1200";"UA";"Ukraine";"13 Oct 2020";5122;53,81;46,19
"1201";"UA";"Ukraine";"29 Oct 2020";6868;53,1;46,9
"1202";"UA";"Ukraine";"10 Nov 2020";8756;52,9;47,1
"1203";"UA";"Ukraine";"23 Nov 2020";11075;53,41;46,59
"1204";"UA";"Ukraine";"15 Dec 2020";15480;53;47
"1205";"UA";"Ukraine";"5 Jan 2021";17395;53,22;46,78
"1206";"VN";"Vietnam";"4 Aug 2020";8;37,5;62,5
"1207";"VN";"Vietnam";"10 Sep 2020";35;37,14;62,86
"1208";"VN";"Vietnam";"24 Sep 2020";35;37,14;62,86
"1209";"VN";"Vietnam";"8 Oct 2020";35;37,14;62,86
"1210";"VN";"Vietnam";"22 Oct 2020";35;37,14;62,86
"1211";"VN";"Vietnam";"5 Nov 2020";35;37,14;62,86
"1212";"VN";"Vietnam";"19 Nov 2020";35;37,14;62,86
"1213";"VN";"Vietnam";"10 Dec 2020";35;37,14;62,86
"1214";"VN";"Vietnam";"31 Dec 2020";35;37,14;62,86
"1215";"VN";"Vietnam";"14 Jan 2021";35;37,14;62,86
"1216";"";"Wales";"19 Jun 2020";2351;54;46
"1217";"";"Wales";"20 Jul 2020";1545;56;44
"1218";"";"Wales";"3 Aug 2020";1566;56;44
"1219";"";"Wales";"15 Sep 2020";1597;55,98;44,02
"1220";"";"Wales";"28 Sep 2020";1615;56,04;43,96
"1221";"";"Wales";"12 Oct 2020";1678;56;44
"1222";"";"Wales";"27 Oct 2020";1829;56,7;43,3
"1223";"";"Wales";"9 Nov 2020";2063;56;44
"1224";"";"Wales";"25 Nov 2020";2472;56;44
"1225";"";"Wales";"16 Dec 2020";2971;55,81;44,19
"1226";"";"Wales";"5 Jan 2021";3738;56,5;43,5
"1227";"";"Wales";"21 Jan 2021";4392;56;44
"1228";"YE";"Yemen";"15 Sep 2021";584;77;23
"1229";"YE";"Yemen";"7 Jan 2021";611;71;29
"1230";"ZW";"Zimbabwe";"12 Dec 2021";307;62,07;37,93
